V1,V2,V3,V4,V5,V6,V7,V8,V9,V10,V11,V12,V13,V14,V15,V16,V17,V18,V19,V20,y
37.33,6.5,2,7,8,4.25,1,1,12,1,2,93,1,1,0.0,0.02233048714697361,-5.5,-3050.518310546875,3.402823466385289e+38,3.4028234663852886e+38,1
45.0,8.5,2,13,8,14.0,1,1,1,1,2,88,2001,1,0.0,0.02233048714697361,7.5,-2447.80810546875,0.455689787864685,3.4028234663852886e+38,1
44.25,11.0,1,2,4,1.5,1,0,0,0,1,0,1,0,0.0,0.008214927278459072,11.0,-24.109865188598636,0.07422910630702972,3.4028234663852886e+38,1
25.75,0.5,2,8,4,1.46,1,1,5,1,2,312,1,1,0.0,0.02233048714697361,-4.5,-78505.21875,3.402823466385289e+38,3.4028234663852886e+38,1
43.0,0.29,1,13,8,1.75,1,1,8,0,2,100,376,1,-1.0,0.008214927278459072,-7.710000038146973,-3978.3125,3.402823466385289e+38,3.4028234663852886e+38,1
36.58,0.29,2,1,1,0.0,0,1,10,0,2,200,19,0,0.0,0.008214927278459072,-9.710000038146973,-27932.515625,3.402823466385289e+38,3.4028234663852886e+38,0
30.33,0.5,2,2,8,0.085,0,0,0,1,1,252,1,0,1.0,0.02233048714697361,0.5,-48292.69921875,-0.021457022055983543,3.4028234663852886e+38,1
24.5,13.335,1,6,4,0.04,0,0,0,1,2,120,476,0,1.0,0.02233048714697361,13.335000038146973,-7169.15283203125,0.21797364950180054,3.4028234663852886e+38,1
20.42,10.5,1,14,8,0.0,0,0,0,1,2,154,33,0,1.0,0.02233048714697361,10.5,-14429.58203125,0.1978611052036285,3.4028234663852886e+38,0
47.25,0.75,2,11,8,2.75,1,1,1,0,2,333,893,1,-1.0,0.008214927278459072,-0.25,-90780.6015625,3.402823466385289e+38,3.4028234663852886e+38,0
25.83,12.835,2,13,4,0.5,0,0,0,0,2,0,3,0,0.0,0.008214927278459072,12.835000038146973,-24.109865188598636,0.21475785970687866,3.4028234663852886e+38,1
19.58,0.665,1,8,4,1.0,0,1,1,0,2,2000,3,0,0.0,0.008214927278459072,-0.3350000083446503,-3879108.25,3.402823466385289e+38,3.4028234663852886e+38,0
35.0,2.5,2,3,4,1.0,0,0,0,1,2,210,1,0,1.0,0.02233048714697361,2.5,-31427.935546875,0.07710308581590652,3.4028234663852886e+38,1
57.83,7.04,2,7,4,14.0,1,1,6,1,2,360,1333,1,0.0,0.02233048714697361,1.0399999618530271,-107859.2421875,0.008870134130120277,3.4028234663852886e+38,1
23.08,2.5,2,1,1,0.085,0,0,0,1,2,100,4209,0,1.0,0.02233048714697361,2.5,-3978.3125,0.07710308581590652,3.4028234663852886e+38,1
36.25,5.0,2,8,5,2.5,1,1,6,0,2,0,368,1,-1.0,0.008214927278459072,-1.0,-24.109865188598636,3.402823466385289e+38,3.4028234663852886e+38,1
23.08,11.5,2,9,8,2.125,1,1,11,1,2,290,285,1,0.0,0.02233048714697361,0.5,-66591.296875,-0.15676192939281464,3.4028234663852886e+38,1
20.75,9.54,2,3,4,0.04,0,0,0,0,2,200,1001,0,0.0,0.008214927278459072,9.539999961853027,-27932.515625,0.1897929310798645,3.4028234663852886e+38,0
30.0,5.29,2,10,2,2.25,1,1,5,1,2,99,501,1,0.0,0.02233048714697361,0.2899999916553497,-3839.7705078125,-0.2799572348594665,3.4028234663852886e+38,0
27.58,3.25,1,11,8,5.085,0,1,2,1,2,369,2,0,1.0,0.02233048714697361,1.25,-113876.1171875,0.018776852637529373,3.4028234663852886e+38,1
35.17,25.125,2,14,8,1.625,1,1,1,1,2,515,501,1,0.0,0.02233048714697361,24.125,-234113.25,0.7199223637580872,3.4028234663852886e+38,1
48.17,1.335,2,3,7,0.335,0,0,0,0,2,0,121,0,0.0,0.008214927278459072,1.3350000381469729,-24.109865188598636,0.024312693625688556,3.4028234663852886e+38,0
26.67,14.585,2,3,5,0.0,0,0,0,1,2,178,1,0,1.0,0.02233048714697361,14.585000038146973,-20946.58984375,0.2255133390426636,3.4028234663852886e+38,1
31.57,10.5,2,14,4,6.5,1,0,0,0,2,0,1,1,-1.0,0.008214927278459072,10.5,-24.109865188598636,0.5317862629890442,3.4028234663852886e+38,1
37.58,0.0,2,8,4,0.0,0,0,0,0,3,184,1,1,-1.0,0.008214927278459072,0.0,-22755.841796875,-3.402823466385289e+38,3.4028234663852886e+38,1
32.33,3.5,2,4,4,0.5,0,0,0,1,2,232,1,0,1.0,0.02233048714697361,3.5,-39821.859375,0.1054162085056305,3.4028234663852886e+38,1
20.67,1.835,2,11,4,2.085,1,1,5,0,2,220,2504,1,-1.0,0.008214927278459072,-3.164999961853028,-35123.35546875,3.402823466385289e+38,3.4028234663852886e+38,0
57.58,2.0,2,1,1,6.5,0,1,1,0,2,0,11,0,0.0,0.008214927278459072,1.0,-24.109865188598636,0.0,3.4028234663852886e+38,0
23.0,0.75,2,7,4,0.5,0,0,0,1,1,320,1,0,1.0,0.02233048714697361,0.75,-83077.5546875,-0.008905469439923763,3.4028234663852886e+38,1
64.08,0.165,2,1,1,0.0,1,1,1,0,2,232,101,1,-1.0,0.008214927278459072,-0.8349999785423279,-39821.859375,3.402823466385289e+38,3.4028234663852886e+38,0
20.0,1.25,1,4,4,0.125,0,0,0,0,2,140,5,0,0.0,0.008214927278459072,1.25,-11159.9931640625,0.018776852637529373,3.4028234663852886e+38,1
22.83,2.29,2,11,8,2.29,1,1,7,1,2,140,2385,1,0.0,0.02233048714697361,-4.710000038146973,-11159.9931640625,3.402823466385289e+38,3.4028234663852886e+38,0
26.33,13.0,2,10,2,0.0,0,0,0,1,2,140,1111,0,1.0,0.02233048714697361,13.0,-11159.9931640625,0.21583271026611328,3.4028234663852886e+38,1
35.17,2.5,2,4,4,4.5,1,1,7,0,2,150,1271,1,-1.0,0.008214927278459072,-4.5,-13455.4140625,3.402823466385289e+38,3.4028234663852886e+38,1
29.75,0.665,2,9,4,0.25,0,0,0,1,2,300,1,0,1.0,0.02233048714697361,0.6650000214576721,-71886.71875,-0.03432928770780564,3.4028234663852886e+38,0
25.17,3.5,2,13,4,0.625,1,1,7,0,2,0,7060,1,-1.0,0.008214927278459072,-3.5,-24.109865188598636,3.402823466385289e+38,3.4028234663852886e+38,1
25.42,1.125,2,11,4,1.29,1,1,2,0,2,200,1,0,0.0,0.008214927278459072,-0.875,-27932.515625,3.402823466385289e+38,3.4028234663852886e+38,0
21.67,1.165,1,4,4,2.5,1,1,1,0,2,180,21,0,0.0,0.008214927278459072,0.16500000655651093,-21541.673828125,-0.15161682665348053,3.4028234663852886e+38,1
18.75,7.5,2,11,4,2.71,1,1,5,0,2,184,26727,1,-1.0,0.008214927278459072,2.5,-22755.841796875,0.2072280049324036,3.4028234663852886e+38,0
23.92,0.585,1,13,8,0.125,0,0,0,0,2,240,2,0,0.0,0.008214927278459072,0.5849999785423279,-43114.1953125,-0.04511484876275063,3.4028234663852886e+38,1
23.58,0.46,1,9,4,2.625,1,1,6,1,2,208,348,0,1.0,0.02233048714697361,-5.539999961853027,-30712.8515625,3.402823466385289e+38,3.4028234663852886e+38,1
25.17,3.0,2,8,4,1.25,0,1,1,0,2,0,23,0,0.0,0.008214927278459072,2.0,-24.109865188598636,0.05832623317837715,3.4028234663852886e+38,1
19.17,0.0,1,7,5,0.0,0,0,0,1,1,500,2,1,0.0,0.02233048714697361,0.0,-219795.125,-3.402823466385289e+38,3.4028234663852886e+38,1
35.17,3.75,2,1,1,0.0,0,1,6,0,2,0,201,0,0.0,0.008214927278459072,-2.25,-24.109865188598636,3.402823466385289e+38,3.4028234663852886e+38,0
32.33,0.54,2,13,4,0.04,1,0,0,0,2,440,11178,1,-1.0,0.008214927278459072,0.5400000214576721,-167022.59375,-0.13935643434524536,3.4028234663852886e+38,0
48.25,25.085,2,9,4,1.75,1,1,3,0,2,120,15,1,-1.0,0.008214927278459072,22.084999084472656,-7169.15283203125,0.6999412178993225,3.4028234663852886e+38,1
20.5,10.0,1,8,4,2.5,1,0,0,0,1,40,1,1,-1.0,0.008214927278459072,10.0,794.2091064453125,0.191573902964592,3.4028234663852886e+38,1
23.25,4.0,2,8,5,0.25,1,0,0,1,2,160,1,1,0.0,0.02233048714697361,4.0,-15950.833984375,0.3135238587856293,3.4028234663852886e+38,1
24.5,0.5,2,11,8,1.5,1,0,0,0,2,280,825,1,-1.0,0.008214927278459072,0.5,-61495.87890625,-0.15676192939281464,3.4028234663852886e+38,0
32.42,2.165,1,4,1,0.0,0,0,0,0,2,120,1,0,0.0,0.008214927278459072,2.164999961853028,-7169.15283203125,0.06499683111906053,3.4028234663852886e+38,1
32.33,2.5,2,8,4,1.25,0,0,0,1,2,280,1,0,1.0,0.02233048714697361,2.5,-61495.87890625,0.07710308581590652,3.4028234663852886e+38,1
22.17,0.585,1,1,1,0.0,0,0,0,0,2,100,1,0,0.0,0.008214927278459072,0.5849999785423279,-3978.3125,-0.04511484876275063,3.4028234663852886e+38,1
32.08,4.0,2,7,4,2.5,1,0,0,1,2,360,1,1,0.0,0.02233048714697361,4.0,-107859.2421875,0.3135238587856293,3.4028234663852886e+38,1
18.58,10.29,2,1,1,0.415,0,0,0,0,2,80,1,0,0.0,0.008214927278459072,10.289999961853027,-1587.471923828125,0.19616109132766724,3.4028234663852886e+38,1
21.58,0.79,1,13,4,0.665,0,0,0,0,2,160,1,0,0.0,0.008214927278459072,0.7900000214576721,-15950.833984375,-0.01983531750738621,3.4028234663852886e+38,1
21.33,10.5,2,8,4,3.0,1,0,0,1,2,0,1,1,0.0,0.02233048714697361,10.5,-24.109865188598636,0.5317862629890442,3.4028234663852886e+38,1
67.75,5.5,2,10,9,13.0,1,1,1,1,2,0,1,1,0.0,0.02233048714697361,4.5,-24.109865188598636,0.3401616215705872,3.4028234663852886e+38,1
28.17,0.375,2,11,4,0.585,1,1,4,0,2,80,1,1,-1.0,0.008214927278459072,-3.625,-1587.471923828125,3.402823466385289e+38,3.4028234663852886e+38,0
18.08,0.375,3,13,1,10.0,0,0,0,1,1,300,1,1,0.0,0.02233048714697361,0.375,-71886.71875,-0.0816044881939888,3.4028234663852886e+38,0
27.75,1.29,2,4,8,0.25,0,0,0,1,1,140,1,0,1.0,0.02233048714697361,1.2899999618530271,-11159.9931640625,0.007882688194513321,3.4028234663852886e+38,1
65.17,14.0,2,1,1,0.0,1,1,11,1,2,0,1401,1,0.0,0.02233048714697361,3.0,-24.109865188598636,0.2484617829322815,3.4028234663852886e+38,0
34.17,5.25,2,9,4,0.085,0,0,0,1,2,290,7,1,0.0,0.02233048714697361,5.25,-66591.296875,0.375024288892746,3.4028234663852886e+38,1
16.92,0.5,2,3,4,0.165,0,1,6,1,2,240,36,0,1.0,0.02233048714697361,-5.5,-43114.1953125,3.402823466385289e+38,3.4028234663852886e+38,0
16.33,4.085,2,3,8,0.415,0,0,0,1,2,120,1,0,1.0,0.02233048714697361,4.0850000381469735,-7169.15283203125,0.11842185258865355,3.4028234663852886e+38,1
38.25,10.125,1,4,4,0.125,0,0,0,0,2,160,1,0,0.0,0.008214927278459072,10.125,-15950.833984375,0.19480088353157046,3.4028234663852886e+38,1
51.42,0.04,2,14,8,0.04,1,0,0,0,2,0,3001,1,-1.0,0.008214927278459072,0.03999999910593033,-24.109865188598636,-0.727979838848114,3.4028234663852886e+38,1
28.58,3.625,2,6,4,0.25,0,0,0,1,2,100,1,0,1.0,0.02233048714697361,3.625,-3978.3125,0.10836903750896454,3.4028234663852886e+38,1
19.17,0.585,1,6,4,0.585,1,0,0,1,2,160,1,0,1.0,0.02233048714697361,0.5849999785423279,-15950.833984375,-0.04511484876275063,3.4028234663852886e+38,0
39.5,1.625,2,8,4,1.5,0,0,0,0,2,0,317,0,0.0,0.008214927278459072,1.625,-24.109865188598636,0.040854010730981834,3.4028234663852886e+38,1
29.67,1.415,2,9,8,0.75,1,1,1,0,2,240,101,1,-1.0,0.008214927278459072,0.4149999916553497,-43114.1953125,-0.1989021748304367,3.4028234663852886e+38,1
47.42,8.0,2,10,5,6.5,1,1,6,0,2,375,51101,1,-1.0,0.008214927278459072,2.0,-117977.3671875,0.15676192939281464,3.4028234663852886e+38,0
20.5,11.835,2,8,8,6.0,1,0,0,0,2,340,1,1,-1.0,0.008214927278459072,11.835000038146973,-95068.3984375,0.558854341506958,3.4028234663852886e+38,0
31.57,3.5,2,2,4,3.0,1,0,0,1,2,300,1,0,1.0,0.02233048714697361,3.5,-71886.71875,0.1054162085056305,3.4028234663852886e+38,0
23.33,11.625,1,9,4,0.835,1,0,0,1,2,160,301,1,0.0,0.02233048714697361,11.625,-15950.833984375,0.5548053383827211,3.4028234663852886e+38,1
30.08,1.04,1,3,5,0.5,1,1,10,1,2,132,29,0,1.0,0.02233048714697361,-8.960000038146973,-9467.6572265625,3.402823466385289e+38,3.4028234663852886e+38,1
31.92,3.125,2,1,1,3.04,0,1,2,1,2,200,5,0,1.0,0.02233048714697361,1.125,-27932.515625,0.00991108547896147,3.4028234663852886e+38,0
27.25,1.585,2,13,8,1.835,1,1,12,1,2,583,714,1,0.0,0.02233048714697361,-10.414999961853027,-304666.125,3.402823466385289e+38,3.4028234663852886e+38,1
19.17,5.415,2,3,8,0.29,0,0,0,0,2,80,485,0,0.0,0.008214927278459072,5.414999961853027,-1587.471923828125,0.1421387791633606,3.4028234663852886e+38,0
25.25,13.5,1,1,1,2.0,0,1,1,1,2,200,2,0,1.0,0.02233048714697361,12.5,-27932.515625,0.2125324159860611,3.4028234663852886e+38,0
49.17,2.29,2,1,1,0.29,0,0,0,0,2,200,4,0,0.0,0.008214927278459072,2.289999961853028,-27932.515625,0.06972011923789978,3.4028234663852886e+38,1
19.42,1.5,1,13,4,2.0,1,0,0,1,2,100,21,0,1.0,0.02233048714697361,1.5,-3978.3125,0.0341186597943306,3.4028234663852886e+38,1
17.58,9.0,2,6,4,1.375,1,0,0,1,2,0,1,1,0.0,0.02233048714697361,9.0,-24.109865188598636,0.496923565864563,3.4028234663852886e+38,0
34.08,0.08,1,7,5,0.04,1,1,1,1,2,280,2001,1,0.0,0.02233048714697361,-0.9200000166893004,-61495.87890625,3.402823466385289e+38,3.4028234663852886e+38,1
37.17,4.0,2,8,5,5.0,1,0,0,1,1,280,1,0,1.0,0.02233048714697361,4.0,-61495.87890625,0.04291404411196709,3.4028234663852886e+38,1
17.08,0.25,2,11,4,0.335,0,1,4,0,2,160,9,0,0.0,0.008214927278459072,-3.75,-15950.833984375,3.402823466385289e+38,3.4028234663852886e+38,1
18.17,2.46,2,8,7,0.96,0,1,2,1,2,160,588,0,1.0,0.02233048714697361,0.4600000083446503,-15950.833984375,-0.06534254550933838,3.4028234663852886e+38,1
31.0,2.085,2,8,4,0.085,0,0,0,0,2,300,1,0,0.0,0.008214927278459072,2.0850000381469727,-71886.71875,0.061828572303056724,3.4028234663852886e+38,1
21.92,0.5,2,8,4,0.125,0,0,0,0,2,360,1,0,0.0,0.008214927278459072,0.5,-107859.2421875,-0.05832623317837715,3.4028234663852886e+38,1
51.33,10.0,2,3,5,0.0,1,1,11,0,2,0,1250,1,-1.0,0.008214927278459072,-1.0,-24.109865188598636,3.402823466385289e+38,3.4028234663852886e+38,1
27.25,0.29,2,7,8,0.125,0,1,1,1,2,272,109,0,1.0,0.02233048714697361,-0.7099999785423279,-57563.5390625,3.402823466385289e+38,3.4028234663852886e+38,0
58.58,2.71,2,8,4,2.415,0,0,0,1,2,320,1,0,1.0,0.02233048714697361,2.7100000381469727,-83077.5546875,0.08389020711183548,3.4028234663852886e+38,1
28.0,2.0,2,4,8,4.165,1,1,2,1,2,181,1,1,0.0,0.02233048714697361,0.0,-21842.216796875,-3.402823466385289e+38,3.4028234663852886e+38,1
44.0,2.0,2,7,4,1.75,1,1,2,1,2,0,16,1,0.0,0.02233048714697361,0.0,-24.109865188598636,-3.402823466385289e+38,3.4028234663852886e+38,1
23.58,0.83,2,11,4,0.415,0,1,1,1,2,200,12,0,1.0,0.02233048714697361,-0.17000000178813934,-27932.515625,3.402823466385289e+38,3.4028234663852886e+38,0
42.25,1.75,1,8,4,0.0,0,0,0,1,2,150,2,0,1.0,0.02233048714697361,1.75,-13455.4140625,0.047089971601963036,3.4028234663852886e+38,0
22.0,7.835,1,3,5,0.165,0,0,0,1,2,184,1,0,1.0,0.02233048714697361,7.835000038146973,-22755.841796875,0.1732250303030014,3.4028234663852886e+38,1
16.08,0.335,2,1,1,0.0,0,1,1,0,2,160,127,0,0.0,0.008214927278459072,-0.6650000214576721,-15950.833984375,3.402823466385289e+38,3.4028234663852886e+38,0
26.83,0.54,2,4,1,0.0,0,0,0,0,2,100,1,0,0.0,0.008214927278459072,0.5400000214576721,-3978.3125,-0.051850192248821265,3.4028234663852886e+38,1
27.83,4.0,1,3,8,5.75,1,1,2,1,2,75,1,0,1.0,0.02233048714697361,2.0,-1114.7618408203123,0.05832623317837715,3.4028234663852886e+38,1
18.17,10.25,2,8,8,1.085,0,0,0,0,2,320,14,0,0.0,0.008214927278459072,10.25,-83077.5546875,0.19583335518836972,3.4028234663852886e+38,1
27.67,0.75,2,11,8,0.165,0,0,0,1,2,220,252,0,1.0,0.02233048714697361,0.75,-35123.35546875,-0.024207575246691704,3.4028234663852886e+38,1
23.08,11.5,2,3,4,3.5,1,1,9,0,2,56,743,1,-1.0,0.008214927278459072,2.5,225.5366668701172,0.2072280049324036,3.4028234663852886e+38,1
17.67,0.0,1,5,1,0.0,0,0,0,0,2,86,1,0,0.0,0.008214927278459072,0.0,-2220.72412109375,-3.402823466385289e+38,3.4028234663852886e+38,0
33.08,4.625,2,11,8,1.625,1,1,2,0,2,0,1,1,-1.0,0.008214927278459072,2.625,-24.109865188598636,0.21826235949993134,3.4028234663852886e+38,0
24.08,9.0,2,6,4,0.25,0,0,0,1,2,0,1,0,1.0,0.02233048714697361,9.0,-24.109865188598636,0.1848897933959961,3.4028234663852886e+38,1
36.33,2.125,1,9,4,0.085,1,1,1,0,2,50,1188,1,-1.0,0.008214927278459072,1.125,498.788818359375,0.026637770235538483,3.4028234663852886e+38,1
21.08,5.0,1,1,1,0.0,0,0,0,0,2,0,1,0,0.0,0.008214927278459072,5.0,-24.109865188598636,0.13542932271957395,3.4028234663852886e+38,0
25.17,2.875,2,14,8,0.875,1,0,0,0,2,360,1,1,-1.0,0.008214927278459072,2.875,-107859.2421875,0.23883651196956635,3.4028234663852886e+38,0
34.0,4.5,2,6,4,1.0,1,0,0,1,2,240,1,0,1.0,0.02233048714697361,4.5,-43114.1953125,0.12656354904174805,3.4028234663852886e+38,1
43.25,3.0,2,11,8,6.0,1,1,11,0,2,80,1,1,-1.0,0.008214927278459072,-8.0,-1587.471923828125,3.402823466385289e+38,3.4028234663852886e+38,1
22.25,0.46,2,4,4,0.125,0,0,0,1,2,280,56,0,1.0,0.02233048714697361,0.4600000083446503,-61495.87890625,-0.06534254550933838,3.4028234663852886e+38,1
65.42,11.0,2,10,9,20.0,1,1,7,1,2,22,1,1,0.0,0.02233048714697361,4.0,821.965576171875,0.3135238587856293,3.4028234663852886e+38,1
20.67,0.415,2,8,4,0.125,0,0,0,0,2,0,45,0,0.0,0.008214927278459072,0.4149999916553497,-24.109865188598636,-0.07400530576705933,3.4028234663852886e+38,1
34.83,1.25,1,3,8,0.5,0,0,0,1,2,160,1,0,1.0,0.02233048714697361,1.25,-15950.833984375,0.018776852637529373,3.4028234663852886e+38,0
47.17,5.835,2,9,4,5.5,0,0,0,0,2,465,151,0,0.0,0.008214927278459072,5.835000038146973,-188136.15625,0.1484246701002121,3.4028234663852886e+38,1
27.0,1.5,1,9,4,0.375,1,0,0,1,2,260,1066,1,0.0,0.02233048714697361,1.5,-51905.03515625,0.09169984608888626,3.4028234663852886e+38,1
28.0,3.0,2,9,4,0.75,0,0,0,1,2,300,68,0,1.0,0.02233048714697361,3.0,-71886.71875,0.09244489669799803,3.4028234663852886e+38,1
28.5,1.0,2,11,4,1.0,1,1,2,1,2,167,501,0,1.0,0.02233048714697361,-1.0,-17816.62890625,3.402823466385289e+38,3.4028234663852886e+38,0
56.42,28.0,1,8,4,28.5,1,1,40,0,2,0,16,1,-1.0,0.008214927278459072,-12.0,-24.109865188598636,3.402823466385289e+38,3.4028234663852886e+38,1
17.08,0.085,1,8,4,0.04,0,0,0,0,2,140,723,0,0.0,0.008214927278459072,0.08500000089406967,-11159.9931640625,-0.20743103325366974,3.4028234663852886e+38,1
39.0,5.0,2,13,4,3.5,1,1,10,1,2,0,1,1,0.0,0.02233048714697361,-5.0,-24.109865188598636,3.402823466385289e+38,3.4028234663852886e+38,1
22.08,0.83,2,8,8,2.165,0,0,0,1,2,128,1,1,0.0,0.02233048714697361,0.8299999833106995,-8669.4892578125,-0.042140237987041466,3.4028234663852886e+38,1
41.42,5.0,2,11,8,5.0,1,1,6,1,2,470,1,1,0.0,0.02233048714697361,-1.0,-192508.859375,3.402823466385289e+38,3.4028234663852886e+38,1
56.5,16.0,2,5,1,0.0,1,1,15,0,2,0,248,1,-1.0,0.008214927278459072,1.0,-24.109865188598636,0.0,3.4028234663852886e+38,0
41.17,4.04,2,13,8,7.0,1,1,8,0,2,320,1,1,-1.0,0.008214927278459072,-3.9600000381469727,-83077.5546875,3.402823466385289e+38,3.4028234663852886e+38,1
38.42,0.705,2,8,4,0.375,0,1,2,0,2,225,501,0,0.0,0.008214927278459072,-1.2949999570846558,-37046.06640625,3.402823466385289e+38,3.4028234663852886e+38,1
48.58,0.205,1,4,4,0.25,1,1,11,0,2,380,2733,1,-1.0,0.008214927278459072,-10.795000076293944,-121450.078125,3.402823466385289e+38,3.4028234663852886e+38,1
30.67,2.5,2,13,8,2.25,0,0,0,1,1,340,1,0,1.0,0.02233048714697361,2.5,-95068.3984375,0.02836464159190655,3.4028234663852886e+38,1
29.58,4.5,2,9,4,7.5,1,1,2,1,2,330,1,1,0.0,0.02233048714697361,2.5,-88972.9765625,0.2072280049324036,3.4028234663852886e+38,1
49.5,7.585,2,3,5,7.585,1,1,15,1,2,0,5001,1,0.0,0.02233048714697361,-7.414999961853027,-24.109865188598636,3.402823466385289e+38,3.4028234663852886e+38,1
40.58,1.5,2,3,5,0.0,0,0,0,0,1,300,1,0,0.0,0.008214927278459072,1.5,-71886.71875,0.01255155261605978,3.4028234663852886e+38,1
31.08,3.085,2,8,4,2.5,0,1,2,1,2,160,42,0,1.0,0.02233048714697361,1.0850000381469729,-15950.833984375,0.0068647111766040325,3.4028234663852886e+38,1
17.58,10.0,2,9,8,0.165,0,1,1,0,2,120,2,0,0.0,0.008214927278459072,9.0,-7169.15283203125,0.1848897933959961,3.4028234663852886e+38,1
18.58,5.71,2,2,4,0.54,0,0,0,0,2,120,1,0,0.0,0.008214927278459072,5.710000038146973,-7169.15283203125,0.14660243690013885,3.4028234663852886e+38,1
35.25,3.165,2,14,8,3.75,1,0,0,1,2,680,1,0,1.0,0.02233048714697361,3.164999961853028,-421312.6875,0.09695018082857132,3.4028234663852886e+38,1
74.83,19.0,1,1,1,0.04,0,1,2,0,2,0,352,0,0.0,0.008214927278459072,17.0,-24.109865188598636,0.2384063154459,3.4028234663852886e+38,1
43.17,5.0,2,3,5,2.25,0,0,0,1,2,141,1,0,1.0,0.02233048714697361,5.0,-11380.53515625,0.13542932271957395,3.4028234663852886e+38,1
34.17,9.17,2,8,4,4.5,1,1,12,1,2,0,222,1,0.0,0.02233048714697361,-2.8299999237060547,-24.109865188598636,3.402823466385289e+38,3.4028234663852886e+38,1
27.58,2.04,1,6,4,2.0,1,1,3,1,2,370,561,1,0.0,0.02233048714697361,-0.959999978542328,-114554.65625,3.402823466385289e+38,3.4028234663852886e+38,1
22.75,11.5,2,3,4,0.415,0,0,0,0,2,0,1,0,0.0,0.008214927278459072,11.5,-24.109865188598636,0.2055160999298096,3.4028234663852886e+38,1
18.17,10.0,1,11,8,0.165,0,0,0,0,2,340,1,0,0.0,0.008214927278459072,10.0,-95068.3984375,0.19375555217266086,3.4028234663852886e+38,0
40.0,6.5,2,6,5,3.5,1,1,1,0,2,0,501,1,-1.0,0.008214927278459072,5.5,-24.109865188598636,0.3855452537536621,3.4028234663852886e+38,1
33.5,1.75,2,14,8,4.5,1,1,4,1,2,253,858,1,0.0,0.02233048714697361,-2.25,-48737.2421875,3.402823466385289e+38,3.4028234663852886e+38,1
44.17,6.665,2,11,4,7.375,1,1,3,1,2,0,1,1,0.0,0.02233048714697361,3.6649999618530273,-24.109865188598636,0.2937425673007965,3.4028234663852886e+38,0
35.17,4.5,2,14,8,5.75,0,0,0,1,1,711,1,1,0.0,0.02233048714697361,4.5,-462559.5,0.12513847649097445,3.4028234663852886e+38,1
36.5,4.25,2,11,4,3.5,0,0,0,0,2,454,51,0,0.0,0.008214927278459072,4.25,-178692.1875,0.12175384163856505,3.4028234663852886e+38,1
20.67,0.835,1,8,4,2.0,0,0,0,1,1,240,1,0,1.0,0.02233048714697361,0.8349999785423279,-43114.1953125,-0.005582085344940424,3.4028234663852886e+38,1
18.25,0.165,2,2,4,0.25,0,0,0,1,1,280,1,0,1.0,0.02233048714697361,0.16500000655651093,-61495.87890625,-0.05577671527862549,3.4028234663852886e+38,1
38.17,10.125,2,14,4,2.5,1,1,6,0,2,520,197,1,-1.0,0.008214927278459072,4.125,-238985.96875,0.32048314809799194,3.4028234663852886e+38,1
27.83,1.5,2,9,4,2.25,0,1,1,1,2,100,4,0,1.0,0.02233048714697361,0.5,-3978.3125,-0.05832623317837715,3.4028234663852886e+38,1
25.0,12.0,2,4,4,2.25,1,1,2,1,2,120,6,0,1.0,0.02233048714697361,10.0,-7169.15283203125,0.19375555217266086,3.4028234663852886e+38,1
28.92,15.0,2,8,8,5.335,1,1,11,0,2,0,2284,1,-1.0,0.008214927278459072,4.0,-24.109865188598636,0.3135238587856293,3.4028234663852886e+38,1
27.67,1.5,2,7,4,2.0,1,0,0,0,1,368,1,0,0.0,0.008214927278459072,1.5,-113199.578125,0.01255155261605978,3.4028234663852886e+38,0
20.67,5.29,2,11,4,0.375,1,1,1,0,2,160,1,0,0.0,0.008214927278459072,4.2899999618530265,-15950.833984375,0.122542105615139,3.4028234663852886e+38,1
42.83,4.625,2,11,4,4.58,1,0,0,0,1,0,1,1,-1.0,0.008214927278459072,4.625,-24.109865188598636,0.12741805613040924,3.4028234663852886e+38,1
25.33,2.085,2,8,8,2.75,1,0,0,1,2,360,2,0,1.0,0.02233048714697361,2.0850000381469727,-107859.2421875,0.061828572303056724,3.4028234663852886e+38,0
24.58,1.25,2,8,4,0.25,0,0,0,0,2,110,1,0,0.0,0.008214927278459072,1.25,-5473.73291015625,0.018776852637529373,3.4028234663852886e+38,1
24.33,2.5,1,3,5,4.5,0,0,0,0,2,200,457,0,0.0,0.008214927278459072,2.5,-27932.515625,0.07710308581590652,3.4028234663852886e+38,0
53.92,9.625,2,10,4,8.665,1,1,5,0,2,0,1,1,-1.0,0.008214927278459072,4.625,-24.109865188598636,0.34635818004608154,3.4028234663852886e+38,1
34.42,4.25,2,3,5,3.25,1,1,2,0,2,274,611,1,-1.0,0.008214927278459072,2.25,-58534.625,0.18339969217777247,3.4028234663852886e+38,1
52.17,0.0,1,1,1,0.0,0,0,0,0,2,0,1,0,0.0,0.008214927278459072,0.0,-24.109865188598636,-3.402823466385289e+38,3.4028234663852886e+38,0
23.0,0.75,2,7,4,0.5,1,0,0,1,1,320,1,0,1.0,0.02233048714697361,0.75,-83077.5546875,-0.008905469439923763,3.4028234663852886e+38,1
57.08,19.5,2,8,4,5.5,1,1,7,0,2,0,3001,1,-1.0,0.008214927278459072,12.5,-24.109865188598636,0.571217954158783,3.4028234663852886e+38,0
28.67,9.335,2,11,8,5.665,1,1,6,0,2,381,169,1,-1.0,0.008214927278459072,3.3350000381469727,-122150.625,0.2724031209945679,3.4028234663852886e+38,1
47.0,13.0,2,3,5,5.165,1,1,9,1,2,0,1,1,0.0,0.02233048714697361,4.0,-24.109865188598636,0.3135238587856293,3.4028234663852886e+38,0
23.25,12.625,2,8,4,0.125,0,1,2,0,2,0,5553,0,0.0,0.008214927278459072,10.625,-24.109865188598636,0.19885693490505216,3.4028234663852886e+38,1
30.83,0.0,2,9,4,1.25,1,1,1,0,2,202,1,1,-1.0,0.008214927278459072,-1.0,-28615.599609375,3.402823466385289e+38,3.4028234663852886e+38,1
40.58,3.29,2,7,4,3.5,0,0,0,1,1,400,1,0,1.0,0.02233048714697361,3.289999961853028,-135840.921875,0.03686504438519478,3.4028234663852886e+38,1
29.42,1.25,2,8,8,0.25,0,1,2,1,2,400,109,0,1.0,0.02233048714697361,-0.75,-135840.921875,3.402823466385289e+38,3.4028234663852886e+38,1
51.58,15.0,2,8,4,8.5,1,1,9,0,2,0,1,1,-1.0,0.008214927278459072,6.0,-24.109865188598636,0.4052236974239349,3.4028234663852886e+38,1
25.33,0.58,2,8,4,0.29,1,1,7,1,2,96,5125,1,0.0,0.02233048714697361,-6.420000076293945,-3436.144287109375,3.402823466385289e+38,3.4028234663852886e+38,1
22.5,11.5,1,7,4,1.5,0,0,0,1,2,0,4001,0,1.0,0.02233048714697361,11.5,-24.109865188598636,0.2055160999298096,3.4028234663852886e+38,1
33.58,0.335,1,13,4,0.085,0,0,0,0,2,180,1,0,0.0,0.008214927278459072,0.3350000083446503,-21541.673828125,-0.09202520549297333,3.4028234663852886e+38,1
23.5,1.5,2,9,4,0.875,0,0,0,1,2,160,1,0,1.0,0.02233048714697361,1.5,-15950.833984375,0.0341186597943306,3.4028234663852886e+38,0
18.42,10.415,1,6,4,0.125,1,0,0,0,2,120,376,0,0.0,0.008214927278459072,10.414999961853027,-7169.15283203125,0.19717714190483093,3.4028234663852886e+38,1
30.58,2.71,1,7,4,0.125,0,0,0,1,1,80,1,0,1.0,0.02233048714697361,2.7100000381469727,-1587.471923828125,0.030861482024192814,3.4028234663852886e+38,1
17.08,3.29,2,3,4,0.335,0,0,0,1,2,140,3,0,1.0,0.02233048714697361,3.289999961853028,-11159.9931640625,0.100209578871727,3.4028234663852886e+38,1
54.58,9.415,2,1,1,14.415,1,1,11,1,2,30,301,1,0.0,0.02233048714697361,-1.5850000381469729,889.6293334960938,3.402823466385289e+38,3.4028234663852886e+38,1
31.83,0.04,1,7,4,0.04,0,0,0,0,2,0,1,0,0.0,0.008214927278459072,0.03999999910593033,-24.109865188598636,-0.27085864543914795,3.4028234663852886e+38,1
23.0,0.625,1,6,4,0.125,1,0,0,0,2,180,2,0,0.0,0.008214927278459072,0.625,-21541.673828125,-0.03954938054084778,3.4028234663852886e+38,1
18.83,9.5,2,9,4,1.625,1,1,6,1,2,40,601,1,0.0,0.02233048714697361,3.5,794.2091064453125,0.2833244502544403,3.4028234663852886e+38,0
19.5,0.29,2,4,4,0.29,0,0,0,0,2,280,365,0,0.0,0.008214927278459072,0.2899999916553497,-61495.87890625,-0.10416337847709656,3.4028234663852886e+38,1
22.58,10.75,2,11,4,0.415,1,1,5,1,2,0,561,1,0.0,0.02233048714697361,5.75,-24.109865188598636,0.39559844136238104,3.4028234663852886e+38,0
33.17,1.0,2,14,4,0.75,1,1,7,1,2,340,4072,1,0.0,0.02233048714697361,-6.0,-95068.3984375,3.402823466385289e+38,3.4028234663852886e+38,1
37.33,2.5,2,3,8,0.21,0,0,0,0,2,260,247,0,0.0,0.008214927278459072,2.5,-51905.03515625,0.07710308581590652,3.4028234663852886e+38,0
28.5,3.04,1,14,8,2.54,1,1,1,0,2,70,1,1,-1.0,0.008214927278459072,2.039999961853028,-692.0516967773438,0.16124048829078674,3.4028234663852886e+38,0
20.17,5.625,2,9,4,1.71,1,0,0,0,1,120,1,1,-1.0,0.008214927278459072,5.625,-7169.15283203125,0.1437039077281952,3.4028234663852886e+38,1
23.25,1.0,2,8,4,0.835,1,0,0,0,1,300,1,1,-1.0,0.008214927278459072,1.0,-71886.71875,0.0,3.4028234663852886e+38,1
19.33,10.915,2,8,5,0.585,0,1,2,1,2,200,8,0,1.0,0.02233048714697361,8.914999961853027,-27932.515625,0.18409129977226255,3.4028234663852886e+38,1
22.92,0.17,2,7,4,0.085,0,0,0,0,1,0,1,0,0.0,0.008214927278459072,0.17000000178813934,-24.109865188598636,-0.05485258623957634,3.4028234663852886e+38,1
25.0,11.0,1,6,4,4.5,1,0,0,0,2,120,1,0,0.0,0.008214927278459072,11.0,-7169.15283203125,0.20177562534809115,3.4028234663852886e+38,0
50.08,12.54,2,6,4,2.29,1,1,3,1,2,156,1,1,0.0,0.02233048714697361,9.539999961853027,-14928.666015625,0.5101016163825989,3.4028234663852886e+38,0
15.75,0.375,2,8,4,1.0,0,0,0,0,2,120,19,0,0.0,0.008214927278459072,0.375,-7169.15283203125,-0.0825338065624237,3.4028234663852886e+38,0
26.58,2.54,1,1,1,0.0,0,0,0,1,2,180,61,0,1.0,0.02233048714697361,2.539999961853028,-21541.673828125,0.07843878120183945,3.4028234663852886e+38,0
21.5,9.75,2,8,4,0.25,1,0,0,0,2,140,1,0,0.0,0.008214927278459072,9.75,-11159.9931640625,0.19162513315677646,3.4028234663852886e+38,1
22.42,11.25,1,14,8,0.75,1,1,4,0,2,0,322,1,-1.0,0.008214927278459072,7.25,-24.109865188598636,0.44802260398864746,3.4028234663852886e+38,0
27.58,3.0,2,7,4,2.79,0,1,1,1,2,280,11,0,1.0,0.02233048714697361,2.0,-61495.87890625,0.05832623317837715,3.4028234663852886e+38,0
45.0,4.585,2,4,8,1.0,0,0,0,1,1,240,1,0,1.0,0.02233048714697361,4.585000038146973,-43114.1953125,0.047139398753643036,3.4028234663852886e+38,0
28.08,15.0,1,10,9,0.0,1,0,0,0,2,0,13213,1,-1.0,0.008214927278459072,15.0,-24.109865188598636,0.6124517321586609,3.4028234663852886e+38,0
21.08,4.125,1,3,8,0.04,0,0,0,0,2,140,101,0,0.0,0.008214927278459072,4.125,-11159.9931640625,0.11924180388450625,3.4028234663852886e+38,1
24.58,0.67,2,6,8,1.75,1,0,0,0,2,400,1,0,0.0,0.008214927278459072,0.6700000166893005,-135840.921875,-0.033698968589305885,3.4028234663852886e+38,0
33.08,1.625,2,2,4,0.54,0,0,0,1,2,0,1,0,1.0,0.02233048714697361,1.625,-24.109865188598636,0.040854010730981834,3.4028234663852886e+38,0
54.42,0.5,1,4,8,3.96,1,0,0,0,2,180,315,1,-1.0,0.008214927278459072,0.5,-21541.673828125,-0.15676192939281464,3.4028234663852886e+38,1
51.83,2.04,1,1,1,1.5,0,0,0,0,2,120,2,0,0.0,0.008214927278459072,2.039999961853028,-7169.15283203125,0.05999256670475006,3.4028234663852886e+38,1
23.5,2.75,2,1,1,4.5,0,0,0,0,2,160,26,0,0.0,0.008214927278459072,2.75,-15950.833984375,0.08512315154075623,3.4028234663852886e+38,1
27.0,0.75,2,8,8,4.25,1,1,3,1,2,312,151,1,0.0,0.02233048714697361,-2.25,-78505.21875,3.402823466385289e+38,3.4028234663852886e+38,1
26.17,2.0,2,5,3,0.0,0,0,0,1,2,276,2,0,1.0,0.02233048714697361,2.0,-59513.7109375,0.05832623317837715,3.4028234663852886e+38,0
36.17,0.42,1,9,4,0.29,0,0,0,1,2,309,3,0,1.0,0.02233048714697361,0.41999998688697815,-76823.59375,-0.0729975476861,3.4028234663852886e+38,1
22.17,12.125,2,8,4,3.335,0,1,2,1,2,180,174,0,1.0,0.02233048714697361,10.125,-21541.673828125,0.19480088353157046,3.4028234663852886e+38,1
26.08,8.665,2,6,4,1.415,1,0,0,0,2,160,151,1,-1.0,0.008214927278459072,8.664999961853027,-15950.833984375,0.4883447289466858,3.4028234663852886e+38,0
23.17,0.0,2,8,4,0.0,0,0,0,0,3,184,1,1,-1.0,0.008214927278459072,0.0,-22755.841796875,-3.402823466385289e+38,3.4028234663852886e+38,1
26.67,4.25,2,13,4,4.29,1,1,1,1,2,120,1,1,0.0,0.02233048714697361,3.25,-7169.15283203125,0.2665642201900482,3.4028234663852886e+38,1
22.67,0.75,2,3,4,1.585,0,1,1,1,2,400,10,0,1.0,0.02233048714697361,-0.25,-135840.921875,3.402823466385289e+38,3.4028234663852886e+38,1
41.17,1.25,1,9,4,0.25,0,0,0,0,2,0,196,0,0.0,0.008214927278459072,1.25,-24.109865188598636,0.018776852637529373,3.4028234663852886e+38,1
22.0,0.79,2,9,4,0.29,0,1,1,0,2,420,284,0,0.0,0.008214927278459072,-0.20999999344348907,-151031.765625,3.402823466385289e+38,3.4028234663852886e+38,1
34.75,15.0,2,12,7,5.375,1,1,9,1,2,0,135,1,0.0,0.02233048714697361,6.0,-24.109865188598636,0.4052236974239349,3.4028234663852886e+38,1
25.08,1.71,2,14,4,1.665,1,1,1,1,2,395,21,1,0.0,0.02233048714697361,0.7099999785423279,-132168.203125,-0.077457495033741,3.4028234663852886e+38,1
73.42,17.75,2,1,1,0.0,1,0,0,1,2,0,1,1,0.0,0.02233048714697361,17.75,-24.109865188598636,0.6505223512649536,3.4028234663852886e+38,1
47.75,8.0,2,8,4,7.875,1,1,6,1,2,0,1261,1,0.0,0.02233048714697361,2.0,-24.109865188598636,0.15676192939281464,3.4028234663852886e+38,0
22.5,11.0,1,11,4,3.0,1,0,0,1,2,268,1,0,1.0,0.02233048714697361,11.0,-55645.37109375,0.20177562534809115,3.4028234663852886e+38,0
23.58,1.79,2,8,4,0.54,0,0,0,1,2,136,2,0,1.0,0.02233048714697361,1.7899999618530271,-10297.8251953125,0.048991676419973366,3.4028234663852886e+38,1
36.75,0.125,1,8,4,1.5,0,0,0,1,2,232,114,1,0.0,0.02233048714697361,0.125,-39821.859375,-0.4702857732772827,3.4028234663852886e+38,1
41.92,0.42,2,8,8,0.21,1,1,6,0,2,220,949,1,-1.0,0.008214927278459072,-5.579999923706055,-35123.35546875,3.402823466385289e+38,3.4028234663852886e+38,1
40.83,10.0,2,11,8,1.75,1,0,0,0,2,29,838,1,-1.0,0.008214927278459072,10.0,888.17138671875,0.5207518339157104,3.4028234663852886e+38,0
22.25,1.25,1,1,1,3.25,0,0,0,0,2,280,1,0,0.0,0.008214927278459072,1.25,-61495.87890625,0.018776852637529373,3.4028234663852886e+38,0
25.25,12.5,2,2,4,1.0,0,0,0,1,2,180,1063,0,1.0,0.02233048714697361,12.5,-21541.673828125,0.2125324159860611,3.4028234663852886e+38,0
19.75,0.75,2,8,4,0.795,1,1,5,1,2,140,6,0,1.0,0.02233048714697361,-4.25,-11159.9931640625,3.402823466385289e+38,3.4028234663852886e+38,0
40.92,2.25,1,14,8,10.0,1,0,0,1,2,176,1,0,1.0,0.02233048714697361,2.25,-20359.505859375,0.0682373195886612,3.4028234663852886e+38,1
53.33,0.165,2,1,1,0.0,0,0,0,1,1,62,28,0,1.0,0.02233048714697361,0.16500000655651093,-119.71549224853516,-0.05577671527862549,3.4028234663852886e+38,0
18.83,0.0,2,11,4,0.665,0,0,0,0,2,160,2,0,0.0,0.008214927278459072,0.0,-15950.833984375,-3.402823466385289e+38,3.4028234663852886e+38,1
40.58,5.0,2,8,4,5.0,1,1,7,0,2,0,3066,1,-1.0,0.008214927278459072,-2.0,-24.109865188598636,3.402823466385289e+38,3.4028234663852886e+38,1
30.75,1.585,2,2,4,0.585,0,0,0,1,1,0,1,0,1.0,0.02233048714697361,1.5850000381469729,-24.109865188598636,0.014257824048399925,3.4028234663852886e+38,1
24.08,0.5,2,11,8,1.25,1,1,1,0,2,0,679,1,-1.0,0.008214927278459072,-0.5,-24.109865188598636,3.402823466385289e+38,3.4028234663852886e+38,0
34.83,2.5,1,9,4,3.0,0,0,0,0,1,200,1,0,0.0,0.008214927278459072,2.5,-27932.515625,0.02836464159190655,3.4028234663852886e+38,1
44.33,0.0,2,8,4,2.5,1,0,0,0,2,0,1,1,-1.0,0.008214927278459072,0.0,-24.109865188598636,-3.402823466385289e+38,3.4028234663852886e+38,0
48.17,7.625,2,9,8,15.5,1,1,12,0,2,0,791,1,-1.0,0.008214927278459072,-4.375,-24.109865188598636,3.402823466385289e+38,3.4028234663852886e+38,1
30.17,6.5,2,13,4,3.125,1,1,8,0,2,330,1201,1,-1.0,0.008214927278459072,-1.5,-88972.9765625,3.402823466385289e+38,3.4028234663852886e+38,1
41.0,0.04,2,10,4,0.04,0,1,1,0,1,560,1,1,-1.0,0.008214927278459072,-0.959999978542328,-279767.65625,3.402823466385289e+38,3.4028234663852886e+38,1
20.42,7.0,2,8,4,1.625,1,1,3,0,2,200,1392,1,-1.0,0.008214927278459072,4.0,-27932.515625,0.3135238587856293,3.4028234663852886e+38,1
23.58,11.5,1,4,8,3.0,0,0,0,1,2,20,17,0,1.0,0.02233048714697361,11.5,785.0496215820312,0.2055160999298096,3.4028234663852886e+38,0
18.58,10.0,2,2,4,0.415,0,0,0,0,2,80,43,0,0.0,0.008214927278459072,10.0,-1587.471923828125,0.19375555217266086,3.4028234663852886e+38,0
34.17,2.75,2,3,5,2.5,0,0,0,1,2,232,201,0,1.0,0.02233048714697361,2.75,-39821.859375,0.08512315154075623,3.4028234663852886e+38,1
27.42,14.5,2,14,8,3.085,1,1,1,0,2,120,12,1,-1.0,0.008214927278459072,13.5,-7169.15283203125,0.5886234045028687,3.4028234663852886e+38,0
26.67,2.71,1,13,4,5.25,1,1,1,0,2,211,1,1,-1.0,0.008214927278459072,1.7100000381469729,-31788.4765625,0.12133316695690155,3.4028234663852886e+38,1
48.58,6.5,2,11,8,6.0,1,0,0,1,2,350,1,1,0.0,0.02233048714697361,6.5,-101363.8203125,0.4233261346817017,3.4028234663852886e+38,1
28.17,0.125,1,4,4,0.085,0,0,0,0,2,216,2101,0,0.0,0.008214927278459072,0.125,-33621.1875,-0.17497870326042175,3.4028234663852886e+38,1
27.67,2.0,2,14,8,1.0,1,1,4,0,2,140,7545,1,-1.0,0.008214927278459072,-2.0,-11159.9931640625,3.402823466385289e+38,3.4028234663852886e+38,1
58.67,4.46,2,11,8,3.04,1,1,6,0,2,43,561,1,-1.0,0.008214927278459072,-1.5399999618530271,726.5830078125,3.402823466385289e+38,3.4028234663852886e+38,0
32.0,6.0,2,2,4,1.25,0,0,0,0,2,272,1,0,0.0,0.008214927278459072,6.0,-57563.5390625,0.1507711261510849,3.4028234663852886e+38,0
42.0,9.79,2,14,8,7.96,1,1,8,0,2,0,1,1,-1.0,0.008214927278459072,1.7899999618530271,-24.109865188598636,0.1316736787557602,3.4028234663852886e+38,1
25.5,0.375,2,7,4,0.25,1,1,3,0,2,260,15109,1,-1.0,0.008214927278459072,-2.625,-51905.03515625,3.402823466385289e+38,3.4028234663852886e+38,1
26.17,0.835,2,13,4,1.165,0,0,0,0,2,100,1,0,0.0,0.008214927278459072,0.8349999785423279,-3978.3125,-0.015173682011663912,3.4028234663852886e+38,1
25.17,6.0,2,8,4,1.0,1,1,3,0,2,0,1,1,-1.0,0.008214927278459072,3.0,-24.109865188598636,0.2484617829322815,3.4028234663852886e+38,1
60.08,14.5,2,1,1,18.0,1,1,15,1,2,0,1001,1,0.0,0.02233048714697361,-0.5,-24.109865188598636,3.402823466385289e+38,3.4028234663852886e+38,1
23.33,1.5,2,8,8,1.415,1,0,0,0,2,422,201,1,-1.0,0.008214927278459072,1.5,-152594.84375,0.09169984608888626,3.4028234663852886e+38,1
21.83,11.0,2,14,4,0.29,1,1,6,0,2,121,1,1,-1.0,0.008214927278459072,5.0,-7349.69482421875,0.363989919424057,3.4028234663852886e+38,1
22.67,0.165,2,8,3,2.25,0,0,0,1,1,0,1,1,0.0,0.02233048714697361,0.16500000655651093,-24.109865188598636,-0.149909645318985,3.4028234663852886e+38,1
22.92,1.25,2,11,4,0.25,0,0,0,1,2,120,810,0,1.0,0.02233048714697361,1.25,-7169.15283203125,0.018776852637529373,3.4028234663852886e+38,0
26.67,1.75,1,8,4,1.0,1,1,5,1,2,160,5778,1,0.0,0.02233048714697361,-3.25,-15950.833984375,3.402823466385289e+38,3.4028234663852886e+38,1
21.0,4.79,1,9,4,2.25,1,1,1,1,2,80,301,1,0.0,0.02233048714697361,3.7899999618530273,-1587.471923828125,0.3013274371623993,3.4028234663852886e+38,1
18.83,9.54,2,6,4,0.085,1,0,0,0,2,100,1,1,-1.0,0.008214927278459072,9.539999961853027,-3978.3125,0.5101016163825989,3.4028234663852886e+38,0
39.58,13.915,2,9,4,8.625,1,1,6,1,2,70,1,1,0.0,0.02233048714697361,7.914999961853027,-692.0516967773438,0.4678699672222138,3.4028234663852886e+38,1
27.25,1.665,2,13,8,5.085,1,1,9,0,2,399,828,1,-1.0,0.008214927278459072,-7.335000038146973,-135102.375,3.402823466385289e+38,3.4028234663852886e+38,1
22.75,11.0,2,11,4,2.5,1,1,7,1,2,100,810,1,0.0,0.02233048714697361,4.0,-3978.3125,0.3135238587856293,3.4028234663852886e+38,1
25.0,11.25,2,8,4,2.5,1,1,17,0,2,200,1209,1,-1.0,0.008214927278459072,-5.75,-27932.515625,3.402823466385289e+38,3.4028234663852886e+38,1
38.58,5.0,2,13,4,13.5,1,0,0,1,2,980,1,0,1.0,0.02233048714697361,5.0,-901175.3125,0.13542932271957395,3.4028234663852886e+38,0
33.25,2.5,1,8,4,2.5,0,0,0,1,2,0,3,0,1.0,0.02233048714697361,2.5,-24.109865188598636,0.07710308581590652,3.4028234663852886e+38,0
20.42,0.835,2,11,4,1.585,1,1,1,0,2,0,1,1,-1.0,0.008214927278459072,-0.16500000655651093,-24.109865188598636,3.402823466385289e+38,3.4028234663852886e+38,0
48.75,8.5,2,8,8,12.5,1,1,9,0,2,181,1656,1,-1.0,0.008214927278459072,-0.5,-21842.216796875,3.402823466385289e+38,3.4028234663852886e+38,1
30.67,12.0,2,8,4,2.0,1,1,1,0,2,220,20,1,-1.0,0.008214927278459072,11.0,-35123.35546875,0.5423071980476379,3.4028234663852886e+38,0
31.57,0.375,2,2,4,0.875,1,0,0,1,1,928,1,0,1.0,0.02233048714697361,0.375,-805103.125,-0.030362490564584725,3.4028234663852886e+38,1
24.5,1.75,1,8,4,0.165,0,0,0,0,2,132,1,0,0.0,0.008214927278459072,1.75,-9467.6572265625,0.047089971601963036,3.4028234663852886e+38,0
23.75,12.0,2,8,4,2.085,0,0,0,0,1,80,1,0,0.0,0.008214927278459072,12.0,-1587.471923828125,0.07692261785268784,3.4028234663852886e+38,1
35.42,12.0,2,11,8,14.0,1,1,8,0,2,0,6591,1,-1.0,0.008214927278459072,4.0,-24.109865188598636,0.3135238587856293,3.4028234663852886e+38,0
44.83,7.0,1,8,4,1.625,0,0,0,0,2,160,3,0,0.0,0.008214927278459072,7.0,-15950.833984375,0.16374243795871735,3.4028234663852886e+38,1
20.42,0.0,2,8,4,0.0,0,0,0,0,3,184,1,0,0.0,0.008214927278459072,0.0,-22755.841796875,-3.402823466385289e+38,3.4028234663852886e+38,1
45.17,1.5,2,8,4,2.5,1,0,0,1,2,140,1,0,1.0,0.02233048714697361,1.5,-11159.9931640625,0.0341186597943306,3.4028234663852886e+38,1
33.92,1.585,1,1,1,0.0,1,0,0,0,2,320,1,0,0.0,0.008214927278459072,1.5850000381469729,-83077.5546875,0.038756784051656716,3.4028234663852886e+38,0
64.08,20.0,2,14,8,17.5,1,1,9,1,2,0,1001,1,0.0,0.02233048714697361,11.0,-24.109865188598636,0.5423071980476379,3.4028234663852886e+38,1
32.0,1.75,1,10,8,0.04,1,0,0,1,2,393,1,1,0.0,0.02233048714697361,1.75,-130713.125,0.12656252086162567,3.4028234663852886e+38,1
23.42,0.585,2,8,8,0.085,1,0,0,0,2,180,1,0,0.0,0.008214927278459072,0.5849999785423279,-21541.673828125,-0.04511484876275063,3.4028234663852886e+38,1
38.58,3.335,2,9,4,4.0,1,1,14,0,2,383,1345,1,-1.0,0.008214927278459072,-10.664999961853027,-123557.703125,3.402823466385289e+38,3.4028234663852886e+38,1
20.08,0.25,2,11,4,0.125,0,0,0,0,2,200,1,0,0.0,0.008214927278459072,0.25,-27932.515625,-0.1166524663567543,3.4028234663852886e+38,1
33.17,2.25,1,13,4,3.5,0,0,0,1,2,200,142,0,1.0,0.02233048714697361,2.25,-27932.515625,0.0682373195886612,3.4028234663852886e+38,0
23.58,0.835,2,3,8,0.085,0,0,0,1,2,220,6,0,1.0,0.02233048714697361,0.8349999785423279,-35123.35546875,-0.015173682011663912,3.4028234663852886e+38,1
43.08,0.375,1,8,4,0.375,1,1,8,1,2,300,163,1,0.0,0.02233048714697361,-7.625,-71886.71875,3.402823466385289e+38,3.4028234663852886e+38,1
50.75,0.585,2,1,1,0.0,0,0,0,0,2,145,1,0,0.0,0.008214927278459072,0.5849999785423279,-12282.7041015625,-0.04511484876275063,3.4028234663852886e+38,1
23.5,9.0,2,11,4,8.5,1,1,5,1,2,120,1,1,0.0,0.02233048714697361,4.0,-7169.15283203125,0.3135238587856293,3.4028234663852886e+38,0
31.83,2.5,2,6,4,7.5,1,0,0,1,2,523,1,0,1.0,0.02233048714697361,2.5,-241933.59375,0.07710308581590652,3.4028234663852886e+38,1
19.17,4.0,1,3,4,1.0,0,0,0,1,2,360,1001,0,1.0,0.02233048714697361,4.0,-107859.2421875,0.1166524663567543,3.4028234663852886e+38,1
24.75,3.0,2,11,8,1.835,1,1,19,0,2,0,501,1,-1.0,0.008214927278459072,-16.0,-24.109865188598636,3.402823466385289e+38,3.4028234663852886e+38,0
24.83,4.5,2,9,4,1.0,0,0,0,1,2,360,7,0,1.0,0.02233048714697361,4.5,-107859.2421875,0.12656354904174805,3.4028234663852886e+38,0
80.25,5.5,2,8,4,0.54,1,0,0,0,2,0,341,0,0.0,0.008214927278459072,5.5,-24.109865188598636,0.14344939589500427,3.4028234663852886e+38,1
17.83,11.0,2,14,8,1.0,1,1,11,0,2,0,3001,1,-1.0,0.008214927278459072,0.0,-24.109865188598636,-3.402823466385289e+38,3.4028234663852886e+38,0
24.75,0.54,2,7,4,1.0,0,0,0,1,2,120,2,0,1.0,0.02233048714697361,0.5400000214576721,-7169.15283203125,-0.051850192248821265,3.4028234663852886e+38,1
20.83,3.0,2,6,4,0.04,1,0,0,0,2,100,1,1,-1.0,0.008214927278459072,3.0,-3978.3125,0.2484617829322815,3.4028234663852886e+38,0
36.42,0.75,1,2,4,0.585,0,0,0,0,2,240,4,0,0.0,0.008214927278459072,0.75,-43114.1953125,-0.024207575246691704,3.4028234663852886e+38,1
34.92,5.0,2,14,8,7.5,1,1,6,1,2,0,1001,1,0.0,0.02233048714697361,-1.0,-24.109865188598636,3.402823466385289e+38,3.4028234663852886e+38,1
23.17,11.125,2,14,8,0.46,1,1,1,0,2,100,1,1,-1.0,0.008214927278459072,10.125,-3978.3125,0.5235613584518433,3.4028234663852886e+38,1
37.33,2.665,2,13,4,0.165,0,0,0,1,2,0,502,0,1.0,0.02233048714697361,2.664999961853028,-24.109865188598636,0.08248119801282883,3.4028234663852886e+38,1
55.92,11.5,2,1,1,5.0,1,1,5,0,2,0,8852,1,-1.0,0.008214927278459072,6.5,-24.109865188598636,0.4233261346817017,3.4028234663852886e+38,1
38.92,1.75,2,4,4,0.5,0,0,0,1,2,300,3,0,1.0,0.02233048714697361,1.75,-71886.71875,0.047089971601963036,3.4028234663852886e+38,1
27.17,1.25,2,1,1,0.0,0,1,1,0,2,92,301,0,0.0,0.008214927278459072,0.25,-2925.976318359375,-0.1166524663567543,3.4028234663852886e+38,0
24.42,2.0,2,10,2,0.165,0,1,2,0,2,320,1301,0,0.0,0.008214927278459072,0.0,-83077.5546875,-3.402823466385289e+38,3.4028234663852886e+38,1
37.75,7.0,2,11,8,11.5,1,1,7,1,2,300,6,0,1.0,0.02233048714697361,0.0,-71886.71875,-3.402823466385289e+38,3.4028234663852886e+38,1
39.58,5.0,2,1,1,0.0,0,1,2,0,2,17,2,0,0.0,0.008214927278459072,3.0,714.6756591796875,0.09244489669799803,3.4028234663852886e+38,1
29.83,1.25,1,4,4,0.25,0,0,0,0,2,224,1,0,0.0,0.008214927278459072,1.25,-36657.5234375,0.018776852637529373,3.4028234663852886e+38,1
38.33,4.415,2,8,4,0.125,0,0,0,0,2,160,1,0,0.0,0.008214927278459072,4.414999961853027,-15950.833984375,0.12495890259742735,3.4028234663852886e+38,0
28.58,3.75,2,8,4,0.25,0,1,1,1,2,40,155,0,1.0,0.02233048714697361,2.75,794.2091064453125,0.08512315154075623,3.4028234663852886e+38,0
41.58,1.75,2,4,4,0.21,1,0,0,0,2,160,1,0,0.0,0.008214927278459072,1.75,-15950.833984375,0.047089971601963036,3.4028234663852886e+38,1
19.0,1.75,1,8,4,2.335,0,0,0,1,2,112,7,0,1.0,0.02233048714697361,1.75,-5796.81689453125,0.047089971601963036,3.4028234663852886e+38,1
20.0,7.0,2,8,4,0.5,0,0,0,0,2,0,1,0,0.0,0.008214927278459072,7.0,-24.109865188598636,0.16374243795871735,3.4028234663852886e+38,1
28.25,5.04,1,8,5,1.5,1,1,8,1,2,144,8,1,0.0,0.02233048714697361,-2.9600000381469727,-12054.162109375,3.402823466385289e+38,3.4028234663852886e+38,1
24.75,13.665,2,11,8,1.5,0,0,0,0,2,280,2,0,0.0,0.008214927278459072,13.664999961853027,-61495.87890625,0.22003068029880524,3.4028234663852886e+38,0
57.08,0.335,2,3,5,1.0,1,0,0,1,2,252,2198,0,1.0,0.02233048714697361,0.3350000083446503,-48292.69921875,-0.09202520549297333,3.4028234663852886e+38,0
39.17,1.71,2,14,4,0.125,1,1,5,1,2,480,1,1,0.0,0.02233048714697361,-3.289999961853028,-201404.28125,3.402823466385289e+38,3.4028234663852886e+38,1
60.58,16.5,2,11,4,11.0,1,0,0,1,2,21,10562,1,0.0,0.02233048714697361,16.5,804.507568359375,0.6340070366859436,3.4028234663852886e+38,0
20.83,8.5,2,8,4,0.165,0,0,0,0,2,0,352,0,0.0,0.008214927278459072,8.5,-24.109865188598636,0.18008007109165192,3.4028234663852886e+38,0
18.08,5.5,2,4,4,0.5,1,0,0,0,2,80,1,1,-1.0,0.008214927278459072,5.5,-1587.471923828125,0.3855452537536621,3.4028234663852886e+38,1
21.17,0.25,1,8,8,0.25,0,0,0,0,2,280,205,0,0.0,0.008214927278459072,0.25,-61495.87890625,-0.1166524663567543,3.4028234663852886e+38,1
21.67,11.5,1,5,3,0.0,1,1,11,1,2,0,1,1,0.0,0.02233048714697361,0.5,-24.109865188598636,-0.15676192939281464,3.4028234663852886e+38,0
42.5,4.915,1,9,4,3.165,1,0,0,1,2,52,1443,1,0.0,0.02233048714697361,4.914999961853027,415.7047729492188,0.36011216044425964,3.4028234663852886e+38,1
22.58,10.04,2,14,4,0.04,1,1,9,0,2,60,397,1,-1.0,0.008214927278459072,1.0399999618530271,3.368560791015625,0.008870134130120277,3.4028234663852886e+38,1
57.42,8.5,2,10,8,7.0,1,1,3,0,2,0,1,1,-1.0,0.008214927278459072,5.5,-24.109865188598636,0.3855452537536621,3.4028234663852886e+38,1
58.42,21.0,2,3,5,10.0,1,1,13,0,2,0,6701,1,-1.0,0.008214927278459072,8.0,-24.109865188598636,0.4702857732772827,3.4028234663852886e+38,0
21.83,1.54,2,4,4,0.085,0,0,0,1,2,356,1,0,1.0,0.02233048714697361,1.5399999618530271,-105237.0703125,0.036333180963993066,3.4028234663852886e+38,1
42.0,0.205,2,3,8,5.125,1,0,0,0,2,400,1,1,-1.0,0.008214927278459072,0.20499999821186066,-135840.921875,-0.3584054410457611,3.4028234663852886e+38,1
22.67,0.335,2,11,4,0.75,0,0,0,0,1,160,1,0,0.0,0.008214927278459072,0.3350000083446503,-15950.833984375,-0.033854179084300995,3.4028234663852886e+38,0
29.67,0.75,1,8,4,0.04,0,0,0,0,2,240,1,0,0.0,0.008214927278459072,0.75,-43114.1953125,-0.024207575246691704,3.4028234663852886e+38,1
48.33,12.0,2,7,4,16.0,1,0,0,0,1,110,1,1,-1.0,0.008214927278459072,12.0,-5473.73291015625,0.20674295723438266,3.4028234663852886e+38,1
69.17,9.0,2,1,1,4.0,0,1,1,0,2,70,7,0,0.0,0.008214927278459072,8.0,-692.0516967773438,0.17497870326042175,3.4028234663852886e+38,1
22.92,11.585,2,13,4,0.04,1,0,0,0,2,80,1350,1,-1.0,0.008214927278459072,11.585000038146973,-1587.471923828125,0.5540258288383484,3.4028234663852886e+38,0
33.17,3.165,1,14,4,3.165,1,1,3,1,2,380,1,1,0.0,0.02233048714697361,0.16500000655651093,-121450.078125,-0.4074966907501221,3.4028234663852886e+38,1
38.92,1.665,2,6,4,0.25,0,0,0,0,2,0,391,0,0.0,0.008214927278459072,1.6649999618530271,-24.109865188598636,0.04290023818612099,3.4028234663852886e+38,0
23.42,0.79,1,11,4,1.5,1,1,2,1,2,80,401,1,0.0,0.02233048714697361,-1.2100000381469729,-1587.471923828125,3.402823466385289e+38,3.4028234663852886e+38,0
20.0,0.0,2,2,4,0.5,0,0,0,0,2,144,1,0,0.0,0.008214927278459072,0.0,-12054.162109375,-3.402823466385289e+38,3.4028234663852886e+38,1
36.33,3.79,2,9,4,1.165,1,0,0,1,2,200,1,0,1.0,0.02233048714697361,3.7899999618530273,-27932.515625,0.1121145561337471,3.4028234663852886e+38,1
24.42,12.335,2,11,8,1.585,1,0,0,1,2,120,1,1,0.0,0.02233048714697361,12.335000038146973,-7169.15283203125,0.5682127475738525,3.4028234663852886e+38,1
35.58,0.75,2,4,4,1.5,0,0,0,1,2,231,1,0,1.0,0.02233048714697361,0.75,-39419.31640625,-0.024207575246691704,3.4028234663852886e+38,1
20.0,11.045,2,8,4,2.0,0,0,0,1,2,136,1,0,1.0,0.02233048714697361,11.045000076293944,-10297.8251953125,0.2021191418170929,3.4028234663852886e+38,1
25.75,0.75,2,8,5,0.25,1,0,0,0,2,349,24,1,-1.0,0.008214927278459072,0.75,-100725.2734375,-0.06506208330392838,3.4028234663852886e+38,1
24.33,6.625,1,2,4,5.5,1,0,0,1,1,100,1,1,0.0,0.02233048714697361,6.625,-3978.3125,0.15731777250766754,3.4028234663852886e+38,1
28.58,3.54,2,3,5,0.5,1,0,0,1,2,171,1,0,1.0,0.02233048714697361,3.539999961853028,-18926.796875,0.10637243837118147,3.4028234663852886e+38,0
22.17,2.25,2,3,4,0.125,0,0,0,0,2,160,11,0,0.0,0.008214927278459072,2.25,-15950.833984375,0.0682373195886612,3.4028234663852886e+38,1
17.92,0.54,2,8,4,1.75,0,1,1,1,2,80,6,0,1.0,0.02233048714697361,-0.4600000083446503,-1587.471923828125,3.402823466385289e+38,3.4028234663852886e+38,0
22.08,11.0,2,13,4,0.665,1,0,0,0,2,100,1,1,-1.0,0.008214927278459072,11.0,-3978.3125,0.5423071980476379,3.4028234663852886e+38,1
19.33,9.5,2,11,4,1.0,1,0,0,1,2,60,401,1,0.0,0.02233048714697361,9.5,3.368560791015625,0.5091513395309448,3.4028234663852886e+38,1
22.25,9.0,2,6,4,0.085,0,0,0,0,2,0,1,0,0.0,0.008214927278459072,9.0,-24.109865188598636,0.1848897933959961,3.4028234663852886e+38,1
28.92,0.375,2,8,4,0.29,0,0,0,0,2,220,141,0,0.0,0.008214927278459072,0.375,-35123.35546875,-0.0825338065624237,3.4028234663852886e+38,1
18.42,9.25,2,11,4,1.21,1,1,4,0,2,60,541,1,-1.0,0.008214927278459072,5.25,3.368560791015625,0.375024288892746,3.4028234663852886e+38,0
54.83,15.5,2,10,9,0.0,1,1,20,0,2,152,131,0,0.0,0.008214927278459072,-4.5,-13938.498046875,3.402823466385289e+38,3.4028234663852886e+38,1
34.42,1.335,2,3,5,0.125,0,0,0,1,2,440,4501,0,1.0,0.02233048714697361,1.3350000381469729,-167022.59375,0.024312693625688556,3.4028234663852886e+38,1
25.67,0.29,1,8,4,1.5,0,0,0,1,2,160,1,0,1.0,0.02233048714697361,0.2899999916553497,-15950.833984375,-0.10416337847709656,3.4028234663852886e+38,1
32.25,0.165,1,8,8,3.25,1,1,1,1,2,432,8001,1,0.0,0.02233048714697361,-0.8349999785423279,-160530.265625,3.402823466385289e+38,3.4028234663852886e+38,1
31.57,4.0,1,3,4,0.085,0,0,0,1,2,411,1,0,1.0,0.02233048714697361,4.0,-144096.875,0.1166524663567543,3.4028234663852886e+38,1
24.83,2.75,2,8,4,2.25,1,1,6,0,2,184,601,1,-1.0,0.008214927278459072,-3.25,-22755.841796875,3.402823466385289e+38,3.4028234663852886e+38,1
29.5,2.0,1,10,8,2.0,0,0,0,0,2,256,18,0,0.0,0.008214927278459072,2.0,-50082.8671875,0.05832623317837715,3.4028234663852886e+38,0
19.67,10.0,1,4,8,0.835,1,0,0,1,2,140,1,0,1.0,0.02233048714697361,10.0,-11159.9931640625,0.19375555217266086,3.4028234663852886e+38,1
24.5,1.04,1,1,1,0.5,1,1,3,0,2,180,148,0,0.0,0.008214927278459072,-1.9600000381469729,-21541.673828125,3.402823466385289e+38,3.4028234663852886e+38,0
28.67,14.5,2,2,4,0.125,0,0,0,0,2,0,287,0,0.0,0.008214927278459072,14.5,-24.109865188598636,0.22502149641513824,3.4028234663852886e+38,1
36.08,2.54,2,1,1,0.0,0,0,0,0,2,0,1001,0,0.0,0.008214927278459072,2.539999961853028,-24.109865188598636,0.07843878120183945,3.4028234663852886e+38,1
29.5,0.58,2,9,4,0.29,0,1,1,0,2,340,2804,0,0.0,0.008214927278459072,-0.41999998688697815,-95068.3984375,3.402823466385289e+38,3.4028234663852886e+38,1
41.0,2.04,1,11,8,0.125,1,1,23,1,2,455,1237,1,0.0,0.02233048714697361,-20.959999084472656,-179540.734375,3.402823466385289e+38,3.4028234663852886e+38,0
37.5,0.835,2,10,4,0.04,0,0,0,0,2,120,6,0,0.0,0.008214927278459072,0.8349999785423279,-7169.15283203125,-0.015173682011663912,3.4028234663852886e+38,1
15.83,0.585,2,8,8,1.5,1,1,2,0,2,100,1,1,-1.0,0.008214927278459072,-1.4149999618530271,-3978.3125,3.402823466385289e+38,3.4028234663852886e+38,0
40.83,3.5,2,3,5,0.5,0,0,0,0,1,1160,1,0,0.0,0.008214927278459072,3.5,-1275492.875,0.03878045827150345,3.4028234663852886e+38,0
18.83,4.415,1,8,8,3.0,1,0,0,0,2,240,1,1,-1.0,0.008214927278459072,4.414999961853027,-43114.1953125,0.3358488380908966,3.4028234663852886e+38,0
26.92,2.25,2,3,5,0.5,0,0,0,1,2,640,4001,0,1.0,0.02233048714697361,2.25,-370931.0,0.0682373195886612,3.4028234663852886e+38,1
31.57,5.0,1,6,4,8.5,1,0,0,0,2,0,1,0,0.0,0.008214927278459072,5.0,-24.109865188598636,0.13542932271957395,3.4028234663852886e+38,1
36.0,1.0,2,8,4,2.0,1,1,11,0,2,0,457,1,-1.0,0.008214927278459072,-10.0,-24.109865188598636,3.402823466385289e+38,3.4028234663852886e+38,0
31.58,0.75,1,6,4,3.5,0,0,0,1,2,320,1,0,1.0,0.02233048714697361,0.75,-83077.5546875,-0.024207575246691704,3.4028234663852886e+38,1
48.5,4.25,2,7,4,0.125,1,0,0,1,2,225,1,1,0.0,0.02233048714697361,4.25,-37046.06640625,0.32723468542099,3.4028234663852886e+38,1
20.75,5.085,1,5,4,0.29,0,0,0,0,2,140,185,0,0.0,0.008214927278459072,5.085000038146973,-11159.9931640625,0.13684779405593872,3.4028234663852886e+38,1
31.25,3.75,2,13,8,0.625,1,1,9,1,2,181,1,1,0.0,0.02233048714697361,-5.25,-21842.216796875,3.402823466385289e+38,3.4028234663852886e+38,0
23.17,0.0,2,13,4,0.085,1,0,0,0,2,0,1,1,-1.0,0.008214927278459072,0.0,-24.109865188598636,-3.402823466385289e+38,3.4028234663852886e+38,1
47.33,6.5,2,8,4,1.0,0,0,0,1,2,0,229,0,1.0,0.02233048714697361,6.5,-24.109865188598636,0.15750648081302646,3.4028234663852886e+38,1
22.5,8.46,1,14,4,2.46,0,0,0,0,2,164,1,1,-1.0,0.008214927278459072,8.460000038146973,-17005.001953125,0.4829298555850983,3.4028234663852886e+38,0
49.0,1.5,2,5,3,0.0,1,0,0,1,2,100,28,0,1.0,0.02233048714697361,1.5,-3978.3125,0.0341186597943306,3.4028234663852886e+38,0
29.25,14.79,2,6,4,5.04,1,1,5,1,2,168,1,1,0.0,0.02233048714697361,9.789999961853027,-18091.169921875,0.5159519314765929,3.4028234663852886e+38,1
48.08,3.75,2,3,5,1.0,0,0,0,0,2,100,3,0,0.0,0.008214927278459072,3.75,-3978.3125,0.11122175306081772,3.4028234663852886e+38,1
33.25,3.0,1,6,4,2.0,0,0,0,0,2,180,1,0,0.0,0.008214927278459072,3.0,-21541.673828125,0.09244489669799803,3.4028234663852886e+38,0
33.17,1.04,2,12,8,6.5,1,0,0,1,2,164,31286,1,0.0,0.02233048714697361,1.0399999618530271,-17005.001953125,0.008870134130120277,3.4028234663852886e+38,1
21.75,11.75,2,8,4,0.25,0,0,0,1,2,180,1,0,1.0,0.02233048714697361,11.75,-21541.673828125,0.2073257863521576,3.4028234663852886e+38,0
22.33,11.0,2,9,4,2.0,1,1,1,0,2,80,279,1,-1.0,0.008214927278459072,10.0,-1587.471923828125,0.5207518339157104,3.4028234663852886e+38,1
28.25,0.875,2,7,4,0.96,1,1,3,1,2,396,1,1,0.0,0.02233048714697361,-2.125,-132898.75,3.402823466385289e+38,3.4028234663852886e+38,1
39.08,4.0,2,8,4,3.0,0,0,0,0,2,480,1,0,0.0,0.008214927278459072,4.0,-201404.28125,0.1166524663567543,3.4028234663852886e+38,0
17.92,10.21,2,1,1,0.0,0,0,0,0,2,0,51,0,0.0,0.008214927278459072,10.210000038146973,-24.109865188598636,0.1955043375492096,3.4028234663852886e+38,0
32.33,7.5,2,10,5,1.585,1,0,0,1,1,420,1,0,1.0,0.02233048714697361,7.5,-151031.765625,0.06237321719527245,3.4028234663852886e+38,1
27.83,1.5,2,9,4,2.0,1,1,11,1,2,434,36,1,0.0,0.02233048714697361,-9.5,-162141.34375,3.402823466385289e+38,3.4028234663852886e+38,1
31.08,1.5,1,9,4,0.04,0,0,0,0,1,160,1,0,0.0,0.008214927278459072,1.5,-15950.833984375,0.01255155261605978,3.4028234663852886e+38,1
16.5,1.25,2,11,4,0.25,0,1,1,0,2,108,99,0,0.0,0.008214927278459072,0.25,-5158.64892578125,-0.1166524663567543,3.4028234663852886e+38,0
59.5,2.75,2,9,4,1.75,1,1,5,1,2,60,59,1,0.0,0.02233048714697361,-2.25,3.368560791015625,3.402823466385289e+38,3.4028234663852886e+38,1
16.08,0.75,2,8,4,1.75,1,1,5,1,2,352,691,1,0.0,0.02233048714697361,-4.25,-102646.90625,3.402823466385289e+38,3.4028234663852886e+38,1
22.67,0.79,2,3,4,0.085,0,0,0,0,2,144,1,0,0.0,0.008214927278459072,0.7900000214576721,-12054.162109375,-0.01983531750738621,3.4028234663852886e+38,0
19.58,0.585,2,1,1,0.0,0,1,3,0,2,350,770,0,0.0,0.008214927278459072,-2.414999961853028,-101363.8203125,3.402823466385289e+38,3.4028234663852886e+38,1
30.58,10.665,2,11,8,0.085,0,1,12,1,2,129,4,0,1.0,0.02233048714697361,-1.3350000381469729,-8866.03125,3.402823466385289e+38,3.4028234663852886e+38,0
22.67,7.0,2,8,4,0.165,0,0,0,0,2,160,1,0,0.0,0.008214927278459072,7.0,-15950.833984375,0.16374243795871735,3.4028234663852886e+38,0
23.0,1.835,2,5,3,0.0,0,1,1,0,2,200,54,0,0.0,0.008214927278459072,0.8349999785423279,-27932.515625,-0.015173682011663912,3.4028234663852886e+38,0
25.58,0.335,2,4,8,3.5,0,0,0,1,2,340,1,0,1.0,0.02233048714697361,0.3350000083446503,-95068.3984375,-0.09202520549297333,3.4028234663852886e+38,1
19.42,6.5,2,9,8,1.46,1,1,7,0,2,80,2955,1,-1.0,0.008214927278459072,-0.5,-1587.471923828125,3.402823466385289e+38,3.4028234663852886e+38,1
52.83,15.0,2,8,4,5.5,1,1,14,0,2,0,2201,1,-1.0,0.008214927278459072,1.0,-24.109865188598636,0.0,3.4028234663852886e+38,0
39.33,5.875,2,13,8,10.0,1,1,14,1,2,399,1,1,0.0,0.02233048714697361,-8.125,-135102.375,3.402823466385289e+38,3.4028234663852886e+38,1
28.25,5.125,2,14,4,4.75,1,1,2,0,2,420,8,1,-1.0,0.008214927278459072,3.125,-151031.765625,0.2576940655708313,3.4028234663852886e+38,1
16.33,2.75,2,6,4,0.665,0,1,1,0,2,80,22,0,0.0,0.008214927278459072,1.75,-1587.471923828125,0.047089971601963036,3.4028234663852886e+38,1
17.33,9.5,2,6,4,1.75,0,1,10,1,2,0,11,0,1.0,0.02233048714697361,-0.5,-24.109865188598636,3.402823466385289e+38,3.4028234663852886e+38,0
34.5,4.04,1,3,5,8.5,1,1,7,1,2,195,1,1,0.0,0.02233048714697361,-2.9600000381469727,-26259.8046875,3.402823466385289e+38,3.4028234663852886e+38,1
23.25,5.875,2,11,4,3.17,1,1,10,0,2,120,246,1,-1.0,0.008214927278459072,-4.125,-7169.15283203125,3.402823466385289e+38,3.4028234663852886e+38,0
27.67,2.04,2,9,4,0.25,0,0,0,1,2,180,51,0,1.0,0.02233048714697361,2.039999961853028,-21541.673828125,0.05999256670475006,3.4028234663852886e+38,0
32.17,1.46,2,9,4,1.085,1,1,16,0,2,120,2080,1,-1.0,0.008214927278459072,-14.539999961853027,-7169.15283203125,3.402823466385289e+38,3.4028234663852886e+38,0
21.5,6.0,2,6,4,2.5,1,1,3,0,2,80,919,1,-1.0,0.008214927278459072,3.0,-1587.471923828125,0.2484617829322815,3.4028234663852886e+38,0
21.17,0.0,2,8,4,0.5,0,0,0,1,1,0,1,0,1.0,0.02233048714697361,0.0,-24.109865188598636,-3.402823466385289e+38,3.4028234663852886e+38,1
21.83,0.25,2,2,8,0.665,1,0,0,1,2,0,1,1,0.0,0.02233048714697361,0.25,-24.109865188598636,-0.3135238587856293,3.4028234663852886e+38,1
22.75,6.165,2,6,4,0.165,0,0,0,0,2,220,1001,0,0.0,0.008214927278459072,6.164999961853027,-35123.35546875,0.1530539244413376,3.4028234663852886e+38,0
22.67,2.54,1,8,8,2.585,1,0,0,0,2,0,1,1,-1.0,0.008214927278459072,2.539999961853028,-24.109865188598636,0.21081790328025815,3.4028234663852886e+38,1
25.0,12.5,2,6,4,3.0,1,0,0,1,1,20,1,1,0.0,0.02233048714697361,12.5,785.0496215820312,0.21013933420181274,3.4028234663852886e+38,1
21.25,1.5,2,9,4,1.5,0,0,0,0,2,150,9,1,-1.0,0.008214927278459072,1.5,-13455.4140625,0.09169984608888626,3.4028234663852886e+38,1
31.57,4.0,2,14,4,5.0,1,1,3,1,2,290,2280,1,0.0,0.02233048714697361,1.0,-66591.296875,0.0,3.4028234663852886e+38,1
39.42,1.71,1,7,4,0.165,0,0,0,0,1,400,1,0,0.0,0.008214927278459072,1.7100000381469729,-135840.921875,0.016607657074928284,3.4028234663852886e+38,1
21.92,11.665,2,4,8,0.085,0,0,0,0,2,320,6,0,0.0,0.008214927278459072,11.664999961853027,-83077.5546875,0.20671485364437106,3.4028234663852886e+38,0
29.17,3.5,2,9,4,3.5,1,1,3,1,2,329,1,0,1.0,0.02233048714697361,0.5,-88374.4375,-0.05832623317837715,3.4028234663852886e+38,1
26.75,2.0,2,2,4,0.75,0,0,0,1,2,80,1,0,1.0,0.02233048714697361,2.0,-1587.471923828125,0.05832623317837715,3.4028234663852886e+38,1
25.25,1.0,2,6,4,0.5,0,0,0,0,2,200,1,0,0.0,0.008214927278459072,1.0,-27932.515625,0.0,3.4028234663852886e+38,1
25.67,3.25,2,8,8,2.29,0,1,1,1,2,416,22,0,1.0,0.02233048714697361,2.25,-147929.59375,0.0682373195886612,3.4028234663852886e+38,1
37.5,1.125,1,2,4,1.5,0,0,0,1,2,431,1,1,0.0,0.02233048714697361,1.125,-159727.71875,0.026637770235538483,3.4028234663852886e+38,1
18.5,2.0,2,3,4,1.5,1,1,2,0,2,120,301,1,-1.0,0.008214927278459072,0.0,-7169.15283203125,-3.402823466385289e+38,3.4028234663852886e+38,1
33.17,3.04,1,8,8,2.04,1,1,1,1,2,180,18028,1,0.0,0.02233048714697361,2.039999961853028,-21541.673828125,0.16124048829078674,3.4028234663852886e+38,1
39.08,6.0,2,7,4,1.29,1,1,5,1,2,108,1098,1,0.0,0.02233048714697361,1.0,-5158.64892578125,0.0,3.4028234663852886e+38,1
21.08,10.085,1,10,8,1.25,0,0,0,0,2,260,1,0,0.0,0.008214927278459072,10.085000038146973,-51905.03515625,0.1944677829742432,3.4028234663852886e+38,1
18.08,6.75,1,7,4,0.04,0,0,0,0,2,140,1,0,0.0,0.008214927278459072,6.75,-11159.9931640625,0.16068221628665924,3.4028234663852886e+38,1
34.17,1.54,2,13,4,1.54,1,1,1,1,2,520,50001,1,0.0,0.02233048714697361,0.5400000214576721,-238985.96875,-0.13935643434524536,3.4028234663852886e+38,1
39.83,0.5,2,7,4,0.25,1,0,0,0,1,288,1,0,0.0,0.008214927278459072,0.5,-65556.2109375,-0.021457022055983543,3.4028234663852886e+38,1
37.5,1.75,1,8,5,0.25,1,0,0,1,2,164,401,0,1.0,0.02233048714697361,1.75,-17005.001953125,0.047089971601963036,3.4028234663852886e+38,1
62.75,7.0,2,10,9,0.0,0,0,0,0,2,0,13,0,0.0,0.008214927278459072,7.0,-24.109865188598636,0.16374243795871735,3.4028234663852886e+38,1
39.92,5.0,2,3,5,0.21,0,0,0,0,2,550,1,0,0.0,0.008214927278459072,5.0,-269272.21875,0.13542932271957395,3.4028234663852886e+38,1
26.25,1.54,2,9,4,0.125,0,0,0,0,2,100,1,0,0.0,0.008214927278459072,1.5399999618530271,-3978.3125,0.036333180963993066,3.4028234663852886e+38,1
27.42,12.5,2,6,5,0.25,0,0,0,1,2,720,1,0,1.0,0.02233048714697361,12.5,-474894.375,0.2125324159860611,3.4028234663852886e+38,1
26.75,4.5,1,8,5,2.5,0,0,0,0,2,200,1211,0,0.0,0.008214927278459072,4.5,-27932.515625,0.12656354904174805,3.4028234663852886e+38,1
23.42,1.0,2,8,4,0.5,0,0,0,1,1,280,1,0,1.0,0.02233048714697361,1.0,-61495.87890625,0.0,3.4028234663852886e+38,1
25.67,12.5,2,13,4,1.21,1,1,67,1,2,140,259,1,0.0,0.02233048714697361,-54.5,-11159.9931640625,3.402823466385289e+38,3.4028234663852886e+38,1
47.42,3.0,2,14,4,13.875,1,1,2,1,2,519,1705,1,0.0,0.02233048714697361,1.0,-238007.421875,0.0,3.4028234663852886e+38,0
25.92,0.875,2,4,4,0.375,0,1,2,1,2,174,4,0,1.0,0.02233048714697361,-1.125,-19780.421875,3.402823466385289e+38,3.4028234663852886e+38,1
26.17,0.25,2,3,5,0.0,1,0,0,1,2,0,1,1,0.0,0.02233048714697361,0.25,-24.109865188598636,-0.3135238587856293,3.4028234663852886e+38,1
33.67,2.165,2,8,4,1.5,0,0,0,0,3,120,1,0,0.0,0.008214927278459072,2.164999961853028,-7169.15283203125,0.17667970061302185,3.4028234663852886e+38,1
15.92,2.875,2,11,4,0.085,0,0,0,0,2,120,1,0,0.0,0.008214927278459072,2.875,-7169.15283203125,0.08886363357305528,3.4028234663852886e+38,0
18.92,9.25,1,8,4,1.0,1,1,4,1,2,80,501,1,0.0,0.02233048714697361,5.25,-1587.471923828125,0.375024288892746,3.4028234663852886e+38,0
68.67,15.0,2,10,9,0.0,1,1,14,0,2,0,3377,1,-1.0,0.008214927278459072,1.0,-24.109865188598636,0.0,3.4028234663852886e+38,0
22.67,0.75,2,8,4,2.0,0,1,2,1,2,200,395,0,1.0,0.02233048714697361,-1.25,-27932.515625,3.402823466385289e+38,3.4028234663852886e+38,0
28.42,3.5,2,9,4,0.835,1,0,0,0,1,280,1,1,-1.0,0.008214927278459072,3.5,-61495.87890625,0.10422924160957336,3.4028234663852886e+38,0
35.75,0.915,2,6,4,0.75,1,1,4,0,2,0,1584,1,-1.0,0.008214927278459072,-3.0850000381469727,-24.109865188598636,3.402823466385289e+38,3.4028234663852886e+38,0
40.92,0.5,1,7,4,0.5,0,0,0,1,2,130,1,0,1.0,0.02233048714697361,0.5,-9064.5732421875,-0.05832623317837715,3.4028234663852886e+38,1
32.92,2.5,2,6,4,1.75,0,1,2,1,2,720,1,0,1.0,0.02233048714697361,0.5,-474894.375,-0.05832623317837715,3.4028234663852886e+38,1
21.42,0.75,1,12,7,0.75,0,0,0,1,2,132,3,0,1.0,0.02233048714697361,0.75,-9467.6572265625,-0.024207575246691704,3.4028234663852886e+38,1
36.67,3.25,2,11,8,9.0,1,0,0,1,2,102,640,1,0.0,0.02233048714697361,3.25,-4261.396484375,0.2665642201900482,3.4028234663852886e+38,1
29.83,2.04,1,14,8,0.04,0,0,0,0,2,128,2,0,0.0,0.008214927278459072,2.039999961853028,-8669.4892578125,0.05999256670475006,3.4028234663852886e+38,1
24.08,0.875,2,7,4,0.085,0,1,4,0,2,254,1951,0,0.0,0.008214927278459072,-3.125,-49183.78515625,3.402823466385289e+38,3.4028234663852886e+38,1
33.67,1.25,2,9,4,1.165,0,0,0,0,2,120,1,0,0.0,0.008214927278459072,1.25,-7169.15283203125,0.018776852637529373,3.4028234663852886e+38,1
26.17,12.5,1,4,8,1.25,0,0,0,1,2,0,18,0,1.0,0.02233048714697361,12.5,-24.109865188598636,0.2125324159860611,3.4028234663852886e+38,1
31.57,0.04,1,2,4,4.25,0,0,0,1,2,460,1,0,1.0,0.02233048714697361,0.03999999910593033,-183813.4375,-0.27085864543914795,3.4028234663852886e+38,1
31.57,1.5,2,1,1,0.0,0,1,2,1,2,200,106,0,1.0,0.02233048714697361,-0.5,-27932.515625,3.402823466385289e+38,3.4028234663852886e+38,0
40.33,8.125,1,4,4,0.165,0,1,2,0,2,184,19,0,0.0,0.008214927278459072,6.125,-22755.841796875,0.15250617265701294,3.4028234663852886e+38,0
56.83,4.25,1,1,1,5.0,0,0,0,1,2,0,5,0,1.0,0.02233048714697361,4.25,-24.109865188598636,0.12175384163856505,3.4028234663852886e+38,0
33.75,2.75,2,3,5,0.0,0,0,0,0,2,180,1,0,0.0,0.008214927278459072,2.75,-21541.673828125,0.08512315154075623,3.4028234663852886e+38,1
42.17,5.04,2,11,8,12.75,1,0,0,1,2,92,1,1,0.0,0.02233048714697361,5.039999961853027,-2925.976318359375,0.36579200625419617,3.4028234663852886e+38,1
16.17,0.04,2,8,4,0.04,0,0,0,0,2,0,1,1,-1.0,0.008214927278459072,0.03999999910593033,-24.109865188598636,-0.727979838848114,3.4028234663852886e+38,1
38.67,0.21,2,4,4,0.085,1,0,0,1,2,280,1,1,0.0,0.02233048714697361,0.20999999344348907,-61495.87890625,-0.35295554995536804,3.4028234663852886e+38,1
25.0,12.33,2,13,8,3.5,1,1,6,0,2,400,459,1,-1.0,0.008214927278459072,6.329999923706055,-135840.921875,0.4173324704170227,3.4028234663852886e+38,0
31.57,11.25,2,1,1,0.0,0,0,0,0,2,184,5201,0,0.0,0.008214927278459072,11.25,-22755.841796875,0.2036666423082352,3.4028234663852886e+38,0
45.83,10.5,2,11,4,5.0,1,1,7,1,2,0,1,1,0.0,0.02233048714697361,3.5,-24.109865188598636,0.2833244502544403,3.4028234663852886e+38,0
23.75,0.71,2,9,4,0.25,0,1,1,1,2,240,5,0,1.0,0.02233048714697361,-0.2899999916553497,-43114.1953125,3.402823466385289e+38,3.4028234663852886e+38,0
35.75,2.415,2,9,4,0.125,0,1,2,0,2,220,2,0,0.0,0.008214927278459072,0.4149999916553497,-35123.35546875,-0.07400530576705933,3.4028234663852886e+38,1
32.75,1.5,2,13,8,5.5,1,1,3,1,2,0,1,1,0.0,0.02233048714697361,-1.5,-24.109865188598636,3.402823466385289e+38,3.4028234663852886e+38,1
38.75,1.5,2,1,1,0.0,0,0,0,0,2,76,1,0,0.0,0.008214927278459072,1.5,-1205.3038330078125,0.0341186597943306,3.4028234663852886e+38,0
26.5,2.71,1,8,4,0.085,0,0,0,0,1,80,1,0,0.0,0.008214927278459072,2.7100000381469727,-1587.471923828125,0.030861482024192814,3.4028234663852886e+38,0
18.33,1.21,1,10,2,0.0,0,0,0,0,2,100,1,0,0.0,0.008214927278459072,1.2100000381469729,-3978.3125,0.016040127724409103,3.4028234663852886e+38,1
32.42,3.0,2,2,4,0.165,0,0,0,1,2,120,1,0,1.0,0.02233048714697361,3.0,-7169.15283203125,0.09244489669799803,3.4028234663852886e+38,1
20.5,2.415,2,8,4,2.0,1,1,11,1,2,200,3001,1,0.0,0.02233048714697361,-8.585000038146973,-27932.515625,3.402823466385289e+38,3.4028234663852886e+38,1
39.17,2.5,1,3,8,10.0,0,0,0,1,1,200,1,0,1.0,0.02233048714697361,2.5,-27932.515625,0.02836464159190655,3.4028234663852886e+38,1
31.42,15.5,2,8,4,0.5,1,0,0,0,2,120,1,0,0.0,0.008214927278459072,15.5,-7169.15283203125,0.23063337802886966,3.4028234663852886e+38,1
23.75,0.415,1,8,4,0.04,0,1,2,0,2,128,7,0,0.0,0.008214927278459072,-1.5850000381469729,-8669.4892578125,3.402823466385289e+38,3.4028234663852886e+38,1
49.83,13.585,2,4,8,8.5,1,0,0,1,2,0,1,1,0.0,0.02233048714697361,13.585000038146973,-24.109865188598636,0.5900429487228394,3.4028234663852886e+38,0
36.67,4.415,1,4,4,0.25,1,1,10,1,2,320,1,1,0.0,0.02233048714697361,-5.585000038146973,-83077.5546875,3.402823466385289e+38,3.4028234663852886e+38,1
41.58,1.04,2,6,4,0.665,0,0,0,0,2,240,238,0,0.0,0.008214927278459072,1.0399999618530271,-43114.1953125,0.003300301032140851,3.4028234663852886e+38,0
42.75,3.0,2,3,5,1.0,1,0,0,0,2,0,201,0,0.0,0.008214927278459072,3.0,-24.109865188598636,0.09244489669799803,3.4028234663852886e+38,1
24.5,2.415,1,8,4,0.0,0,0,0,0,2,120,1,0,0.0,0.008214927278459072,2.414999961853028,-7169.15283203125,0.07419232279062271,3.4028234663852886e+38,0
23.92,0.665,2,8,4,0.165,0,0,0,0,2,100,1,1,-1.0,0.008214927278459072,0.6650000214576721,-3978.3125,-0.09226594865322113,3.4028234663852886e+38,1
30.5,6.5,2,8,5,4.0,1,1,7,1,2,0,3066,1,0.0,0.02233048714697361,-0.5,-24.109865188598636,3.402823466385289e+38,3.4028234663852886e+38,0
35.25,16.5,1,8,4,4.0,1,0,0,0,2,80,1,0,0.0,0.008214927278459072,16.5,-1587.471923828125,0.23589427769184115,3.4028234663852886e+38,1
18.83,0.415,1,8,4,0.165,0,1,1,0,2,200,2,0,0.0,0.008214927278459072,-0.5849999785423279,-27932.515625,3.402823466385289e+38,3.4028234663852886e+38,1
19.67,0.375,2,11,4,2.0,1,1,2,1,2,80,1,1,0.0,0.02233048714697361,-1.625,-1587.471923828125,3.402823466385289e+38,3.4028234663852886e+38,1
36.75,5.125,2,10,4,5.0,1,0,0,1,2,0,4001,1,0.0,0.02233048714697361,5.125,-24.109865188598636,0.3695743978023529,3.4028234663852886e+38,0
28.33,5.0,2,9,4,11.0,1,0,0,1,2,70,1,1,0.0,0.02233048714697361,5.0,-692.0516967773438,0.363989919424057,3.4028234663852886e+38,1
39.92,6.21,2,11,4,0.04,1,1,1,0,2,200,301,1,-1.0,0.008214927278459072,5.210000038146973,-27932.515625,0.3732945919036865,3.4028234663852886e+38,1
19.67,0.21,2,11,8,0.29,1,1,11,0,2,80,100,1,-1.0,0.008214927278459072,-10.789999961853027,-1587.471923828125,3.402823466385289e+38,3.4028234663852886e+38,0
19.17,8.585,2,13,8,0.75,1,1,7,0,2,96,1,1,-1.0,0.008214927278459072,1.5850000381469729,-3436.144287109375,0.10416561365127563,3.4028234663852886e+38,0
34.75,2.5,2,13,5,0.5,0,0,0,0,2,348,1,0,0.0,0.008214927278459072,2.5,-100088.734375,0.07710308581590652,3.4028234663852886e+38,1
34.25,1.75,2,9,5,0.25,1,0,0,1,2,163,1,0,1.0,0.02233048714697361,1.75,-16738.4609375,0.047089971601963036,3.4028234663852886e+38,1
20.67,1.25,1,8,8,1.375,1,1,3,1,2,140,211,0,1.0,0.02233048714697361,-1.75,-11159.9931640625,3.402823466385289e+38,3.4028234663852886e+38,1
30.25,5.5,2,4,4,5.5,0,0,0,1,1,100,1,0,1.0,0.02233048714697361,5.5,-3978.3125,0.05277208238840103,3.4028234663852886e+38,0
24.5,12.75,2,8,5,4.75,1,1,2,0,2,73,445,1,-1.0,0.008214927278459072,10.75,-939.6777954101562,0.5371078848838806,3.4028234663852886e+38,0
29.83,3.5,2,8,4,0.165,0,0,0,0,2,216,1,0,0.0,0.008214927278459072,3.5,-33621.1875,0.1054162085056305,3.4028234663852886e+38,1
27.67,13.75,2,9,4,5.75,1,0,0,1,2,487,501,1,0.0,0.02233048714697361,13.75,-207750.078125,0.5927732586860657,3.4028234663852886e+38,1
33.58,2.75,2,7,4,4.25,1,1,6,0,2,204,1,1,-1.0,0.008214927278459072,-3.25,-29306.68359375,3.402823466385289e+38,3.4028234663852886e+38,1
17.5,22.0,3,1,7,0.0,0,0,0,1,3,450,100001,1,0.0,0.02233048714697361,22.0,-175318.015625,1.9002668857574463,3.4028234663852886e+38,1
48.75,26.335,1,1,1,0.0,1,0,0,1,2,0,1,0,1.0,0.02233048714697361,26.334999084472656,-24.109865188598636,0.2752362191677093,3.4028234663852886e+38,1
22.67,1.585,1,9,4,3.085,1,1,6,0,2,80,1,1,-1.0,0.008214927278459072,-4.414999961853027,-1587.471923828125,3.402823466385289e+38,3.4028234663852886e+38,1
41.5,1.54,2,3,5,3.5,0,0,0,0,2,216,1,1,-1.0,0.008214927278459072,1.5399999618530271,-33621.1875,0.09765175729990004,3.4028234663852886e+38,1
23.08,0.0,2,4,4,1.0,0,1,11,0,1,0,1,0,0.0,0.008214927278459072,-11.0,-24.109865188598636,3.402823466385289e+38,3.4028234663852886e+38,1
31.75,3.0,1,5,3,0.0,0,0,0,0,2,160,21,0,0.0,0.008214927278459072,3.0,-15950.833984375,0.09244489669799803,3.4028234663852886e+38,0
43.25,25.21,2,11,8,0.21,1,1,1,0,2,760,91,0,0.0,0.008214927278459072,24.209999084472656,-531676.0625,0.26815667748451233,3.4028234663852886e+38,1
56.58,18.5,2,2,5,15.0,1,1,17,1,2,0,1,1,0.0,0.02233048714697361,1.5,-24.109865188598636,0.09169984608888626,3.4028234663852886e+38,1
41.17,1.335,2,2,4,0.165,0,0,0,0,2,168,1,0,0.0,0.008214927278459072,1.3350000381469729,-18091.169921875,0.024312693625688556,3.4028234663852886e+38,1
38.25,6.0,2,4,4,1.0,1,0,0,1,2,0,1,1,0.0,0.02233048714697361,6.0,-24.109865188598636,0.4052236974239349,3.4028234663852886e+38,0
28.17,0.585,2,6,4,0.04,0,0,0,0,2,260,1005,0,0.0,0.008214927278459072,0.5849999785423279,-51905.03515625,-0.04511484876275063,3.4028234663852886e+38,0
44.33,0.5,2,3,8,5.0,1,0,0,1,2,320,1,1,0.0,0.02233048714697361,0.5,-83077.5546875,-0.15676192939281464,3.4028234663852886e+38,1
24.17,0.875,2,11,4,4.625,1,1,2,1,2,520,2001,1,0.0,0.02233048714697361,-1.125,-238985.96875,3.402823466385289e+38,3.4028234663852886e+38,1
42.75,4.085,2,6,4,0.04,0,0,0,0,2,108,101,0,0.0,0.008214927278459072,4.0850000381469735,-5158.64892578125,0.11842185258865355,3.4028234663852886e+38,1
41.33,1.0,2,3,5,2.25,1,0,0,1,2,0,301,1,0.0,0.02233048714697361,1.0,-24.109865188598636,0.0,3.4028234663852886e+38,0
45.33,1.0,2,11,4,0.125,0,0,0,1,2,263,1,0,1.0,0.02233048714697361,1.0,-53292.6640625,0.0,3.4028234663852886e+38,0
17.92,0.205,2,6,4,0.04,0,0,0,0,2,280,751,0,0.0,0.008214927278459072,0.20499999821186066,-61495.87890625,-0.13335150480270386,3.4028234663852886e+38,1
76.75,22.29,2,10,9,12.75,1,1,1,1,2,0,110,1,0.0,0.02233048714697361,21.290000915527344,-24.109865188598636,0.6916499733924866,3.4028234663852886e+38,1
21.17,0.875,1,8,8,0.25,0,0,0,0,2,280,205,0,0.0,0.008214927278459072,0.875,-61495.87890625,-0.011236261576414108,3.4028234663852886e+38,1
21.0,3.0,1,2,4,1.085,1,1,8,1,2,160,2,1,0.0,0.02233048714697361,-5.0,-15950.833984375,3.402823466385289e+38,3.4028234663852886e+38,1
20.83,0.5,1,10,2,1.0,0,0,0,0,2,260,1,0,0.0,0.008214927278459072,0.5,-51905.03515625,-0.05832623317837715,3.4028234663852886e+38,0
19.0,0.0,1,1,1,0.0,0,1,4,0,2,45,2,0,0.0,0.008214927278459072,-4.0,671.4989624023438,3.402823466385289e+38,3.4028234663852886e+38,1
18.92,9.0,2,6,4,0.75,1,1,2,0,2,88,592,1,-1.0,0.008214927278459072,7.0,-2447.80810546875,0.44008639454841614,3.4028234663852886e+38,0
22.83,3.0,2,7,4,1.29,1,1,1,0,2,260,801,1,-1.0,0.008214927278459072,2.0,-51905.03515625,0.15676192939281464,3.4028234663852886e+38,1
28.58,1.665,2,11,4,2.415,1,0,0,1,2,440,1,0,1.0,0.02233048714697361,1.6649999618530271,-167022.59375,0.04290023818612099,3.4028234663852886e+38,0
43.17,2.25,2,3,5,0.75,1,0,0,0,2,560,1,0,0.0,0.008214927278459072,2.25,-279767.65625,0.0682373195886612,3.4028234663852886e+38,1
54.33,6.75,2,8,8,2.625,1,1,11,1,2,0,285,1,0.0,0.02233048714697361,-4.25,-24.109865188598636,3.402823466385289e+38,3.4028234663852886e+38,1
33.58,0.25,2,3,5,4.0,0,0,0,1,1,420,1,0,1.0,0.02233048714697361,0.25,-151031.765625,-0.04291404411196709,3.4028234663852886e+38,1
16.33,0.21,2,6,4,0.125,0,0,0,0,2,200,2,0,0.0,0.008214927278459072,0.20999999344348907,-27932.515625,-0.13132376968860626,3.4028234663852886e+38,0
20.33,10.0,2,8,8,1.0,1,1,4,0,2,50,1466,1,-1.0,0.008214927278459072,6.0,498.788818359375,0.4052236974239349,3.4028234663852886e+38,0
31.25,2.835,2,1,1,0.0,0,1,5,0,2,176,147,0,0.0,0.008214927278459072,-2.164999961853028,-20359.505859375,3.402823466385289e+38,3.4028234663852886e+38,1
22.42,5.665,2,11,4,2.585,1,1,7,0,2,129,3258,1,-1.0,0.008214927278459072,-1.3350000381469729,-8866.03125,3.402823466385289e+38,3.4028234663852886e+38,0
36.67,2.0,2,3,4,0.25,0,0,0,1,2,221,1,0,1.0,0.02233048714697361,2.0,-35503.8984375,0.05832623317837715,3.4028234663852886e+38,1
22.08,2.335,2,4,4,0.75,0,0,0,0,2,180,1,0,0.0,0.008214927278459072,2.3350000381469727,-21541.673828125,0.07135763019323349,3.4028234663852886e+38,1
40.33,7.54,1,11,8,8.0,1,1,14,0,2,0,2301,1,-1.0,0.008214927278459072,-6.460000038146973,-24.109865188598636,3.402823466385289e+38,3.4028234663852886e+38,0
23.0,11.75,2,14,8,0.5,1,1,2,1,2,300,552,1,0.0,0.02233048714697361,9.75,-71886.71875,0.5150259733200073,3.4028234663852886e+38,0
51.83,3.0,1,1,1,1.5,0,0,0,0,2,180,5,0,0.0,0.008214927278459072,3.0,-21541.673828125,0.09244489669799803,3.4028234663852886e+38,1
41.33,0.0,2,8,5,15.0,1,0,0,0,2,0,1,1,-1.0,0.008214927278459072,0.0,-24.109865188598636,-3.402823466385289e+38,3.4028234663852886e+38,1
44.25,0.5,2,7,4,10.75,1,0,0,0,1,400,1,0,0.0,0.008214927278459072,0.5,-135840.921875,-0.021457022055983543,3.4028234663852886e+38,1
31.33,19.5,2,8,4,7.0,1,1,16,0,2,0,5001,1,-1.0,0.008214927278459072,3.5,-24.109865188598636,0.2833244502544403,3.4028234663852886e+38,1
16.92,0.335,1,4,4,0.29,0,0,0,0,1,200,1,0,0.0,0.008214927278459072,0.3350000083446503,-27932.515625,-0.033854179084300995,3.4028234663852886e+38,1
29.5,1.085,1,14,4,1.0,0,0,0,0,2,280,14,0,0.0,0.008214927278459072,1.0850000381469729,-61495.87890625,0.0068647111766040325,3.4028234663852886e+38,0
52.5,7.0,2,6,8,3.0,0,0,0,0,2,0,1,0,0.0,0.008214927278459072,7.0,-24.109865188598636,0.16374243795871735,3.4028234663852886e+38,0
33.0,2.5,1,9,4,7.0,0,0,0,1,2,280,1,0,1.0,0.02233048714697361,2.5,-61495.87890625,0.07710308581590652,3.4028234663852886e+38,1
32.08,4.0,1,13,4,1.5,0,0,0,1,2,120,1,0,1.0,0.02233048714697361,4.0,-7169.15283203125,0.1166524663567543,3.4028234663852886e+38,1
20.08,0.125,2,11,4,1.0,0,1,1,0,2,240,769,1,-1.0,0.008214927278459072,-0.875,-43114.1953125,3.402823466385289e+38,3.4028234663852886e+38,0
56.0,12.5,2,4,8,8.0,1,0,0,1,2,24,2029,1,0.0,0.02233048714697361,12.5,850.8815307617188,0.571217954158783,3.4028234663852886e+38,1
32.25,1.5,2,8,4,0.25,0,0,0,1,2,372,123,0,1.0,0.02233048714697361,1.5,-115917.7421875,0.0341186597943306,3.4028234663852886e+38,0
47.83,4.165,2,14,5,0.085,0,0,0,1,2,520,1,0,1.0,0.02233048714697361,4.1649999618530265,-238985.96875,0.12005385011434555,3.4028234663852886e+38,1
21.33,7.5,2,6,4,1.415,1,1,1,0,2,80,9801,1,-1.0,0.008214927278459072,6.5,-1587.471923828125,0.4233261346817017,3.4028234663852886e+38,1
37.75,5.5,2,11,4,0.125,1,0,0,1,2,228,1,1,0.0,0.02233048714697361,5.5,-38223.69140625,0.3855452537536621,3.4028234663852886e+38,0
22.08,11.46,2,4,4,1.585,0,0,0,1,2,100,1213,0,1.0,0.02233048714697361,11.460000038146973,-3978.3125,0.20522290468215945,3.4028234663852886e+38,1
52.5,6.5,2,4,4,6.29,1,1,15,0,2,0,11203,1,-1.0,0.008214927278459072,-8.5,-24.109865188598636,3.402823466385289e+38,3.4028234663852886e+38,1
21.5,11.5,2,3,4,0.5,1,0,0,1,2,100,69,0,1.0,0.02233048714697361,11.5,-3978.3125,0.2055160999298096,3.4028234663852886e+38,1
36.17,18.125,2,9,4,0.085,0,0,0,0,2,320,3553,0,0.0,0.008214927278459072,18.125,-83077.5546875,0.2437983453273773,3.4028234663852886e+38,1
34.25,3.0,2,13,8,7.415,1,0,0,1,2,0,1,1,0.0,0.02233048714697361,3.0,-24.109865188598636,0.2484617829322815,3.4028234663852886e+38,1
29.92,1.835,2,8,8,4.335,1,0,0,0,2,260,201,1,-1.0,0.008214927278459072,1.8350000381469729,-51905.03515625,0.13728897273540494,3.4028234663852886e+38,1
32.25,14.0,1,1,1,0.0,0,1,2,0,2,160,2,0,0.0,0.008214927278459072,12.0,-15950.833984375,0.20909735560417173,3.4028234663852886e+38,1
26.75,1.125,2,14,8,1.25,1,0,0,0,2,0,5299,1,-1.0,0.008214927278459072,1.125,-24.109865188598636,0.026637770235538483,3.4028234663852886e+38,1
30.42,1.375,2,9,8,0.04,0,1,3,0,2,0,34,0,0.0,0.008214927278459072,-1.625,-24.109865188598636,3.402823466385289e+38,3.4028234663852886e+38,0
39.17,1.625,2,8,4,1.5,1,1,10,0,2,186,4701,1,-1.0,0.008214927278459072,-8.375,-23374.92578125,3.402823466385289e+38,3.4028234663852886e+38,1
47.67,0.29,2,8,5,15.0,1,1,20,0,2,0,15001,1,-1.0,0.008214927278459072,-19.709999084472656,-24.109865188598636,3.402823466385289e+38,3.4028234663852886e+38,1
25.08,2.54,1,6,4,0.25,1,0,0,1,2,370,1,1,0.0,0.02233048714697361,2.539999961853028,-114554.65625,0.21081790328025815,3.4028234663852886e+38,0
18.67,5.0,2,11,4,0.375,1,1,2,0,2,0,39,0,0.0,0.008214927278459072,3.0,-24.109865188598636,0.09244489669799803,3.4028234663852886e+38,1
50.25,0.835,2,6,4,0.5,0,0,0,1,2,240,118,0,1.0,0.02233048714697361,0.8349999785423279,-43114.1953125,-0.015173682011663912,3.4028234663852886e+38,0
32.75,2.335,2,2,8,5.75,0,0,0,1,2,292,1,0,1.0,0.02233048714697361,2.3350000381469727,-67634.3828125,0.07135763019323349,3.4028234663852886e+38,1
21.92,0.54,1,14,4,0.04,1,1,1,1,2,840,60,1,0.0,0.02233048714697361,-0.4600000083446503,-654839.4375,3.402823466385289e+38,3.4028234663852886e+38,1
31.57,3.0,1,3,5,7.0,0,0,0,0,2,0,2,0,0.0,0.008214927278459072,3.0,-24.109865188598636,0.09244489669799803,3.4028234663852886e+38,1
58.33,10.0,2,11,4,4.0,1,1,14,0,2,0,1603,1,-1.0,0.008214927278459072,-4.0,-24.109865188598636,3.402823466385289e+38,3.4028234663852886e+38,0
40.92,0.835,2,1,1,0.0,1,0,0,0,2,130,2,0,0.0,0.008214927278459072,0.8349999785423279,-9064.5732421875,-0.015173682011663912,3.4028234663852886e+38,1
27.75,0.585,1,13,4,0.25,1,1,2,0,2,260,501,1,-1.0,0.008214927278459072,-1.4149999618530271,-51905.03515625,3.402823466385289e+38,3.4028234663852886e+38,1
23.58,0.585,1,1,1,0.125,0,0,0,0,2,120,88,0,0.0,0.008214927278459072,0.5849999785423279,-7169.15283203125,-0.04511484876275063,3.4028234663852886e+38,0
20.75,10.335,2,13,8,0.335,1,1,1,1,2,80,51,1,0.0,0.02233048714697361,9.335000038146973,-1587.471923828125,0.5051888227462769,3.4028234663852886e+38,0
49.58,19.0,2,1,1,0.0,1,1,1,0,2,94,1,0,0.0,0.008214927278459072,18.0,-3177.060302734375,0.2432160228490829,3.4028234663852886e+38,1
20.42,1.835,2,8,4,2.25,1,1,1,0,2,100,151,1,-1.0,0.008214927278459072,0.8349999785423279,-3978.3125,-0.040781915187835686,3.4028234663852886e+38,1
16.0,3.125,2,9,4,0.085,0,1,1,0,2,0,7,0,0.0,0.008214927278459072,2.125,-24.109865188598636,0.06342761218547821,3.4028234663852886e+38,1
19.5,0.165,2,11,4,0.04,0,0,0,1,2,380,1,0,1.0,0.02233048714697361,0.16500000655651093,-121450.078125,-0.15161682665348053,3.4028234663852886e+38,0
19.42,7.25,2,7,4,0.04,0,1,1,0,2,100,2,0,0.0,0.008214927278459072,6.25,-3978.3125,0.15420617163181305,3.4028234663852886e+38,1
23.08,2.5,2,8,4,1.085,1,1,11,1,2,60,2185,1,0.0,0.02233048714697361,-8.5,3.368560791015625,3.402823466385289e+38,3.4028234663852886e+38,1
20.17,8.17,2,6,4,1.96,1,1,14,0,2,60,159,1,-1.0,0.008214927278459072,-5.829999923706055,3.368560791015625,3.402823466385289e+38,3.4028234663852886e+38,1
19.58,0.665,2,9,4,1.665,0,0,0,0,2,220,6,0,0.0,0.008214927278459072,0.6650000214576721,-35123.35546875,-0.03432928770780564,3.4028234663852886e+38,0
27.83,1.54,2,9,4,3.75,1,1,5,1,2,100,4,1,0.0,0.02233048714697361,-3.4600000381469727,-3978.3125,3.402823466385289e+38,3.4028234663852886e+38,1
31.67,16.165,2,2,4,3.0,1,1,9,0,2,250,731,1,-1.0,0.008214927278459072,7.164999961853027,-47409.6171875,0.4453554153442383,3.4028234663852886e+38,1
20.25,9.96,2,10,2,0.0,1,0,0,0,2,0,1,1,-1.0,0.008214927278459072,9.960000038146973,-24.109865188598636,0.5198454260826111,3.4028234663852886e+38,1
21.75,1.75,1,5,3,0.0,0,0,0,0,2,160,1,0,0.0,0.008214927278459072,1.75,-15950.833984375,0.047089971601963036,3.4028234663852886e+38,0
28.75,1.165,2,4,4,0.5,1,0,0,0,1,280,1,0,0.0,0.008214927278459072,1.1649999618530271,-61495.87890625,0.004727623425424099,3.4028234663852886e+38,1
39.25,9.5,2,7,4,6.5,1,1,14,0,2,240,4608,1,-1.0,0.008214927278459072,-4.5,-43114.1953125,3.402823466385289e+38,3.4028234663852886e+38,1
26.0,1.0,2,11,4,1.75,1,0,0,1,2,280,1,1,0.0,0.02233048714697361,1.0,-61495.87890625,0.0,3.4028234663852886e+38,1
39.5,4.25,2,8,5,6.5,1,1,16,0,2,117,1211,1,-1.0,0.008214927278459072,-11.75,-6639.52685546875,3.402823466385289e+38,3.4028234663852886e+38,1
23.25,1.5,2,11,4,2.375,1,1,3,1,2,0,583,1,0.0,0.02233048714697361,-1.5,-24.109865188598636,3.402823466385289e+38,3.4028234663852886e+38,1
20.17,9.25,2,8,4,1.665,1,1,3,1,2,40,29,1,0.0,0.02233048714697361,6.25,794.2091064453125,0.4144560098648071,3.4028234663852886e+38,1
28.67,1.04,2,8,4,2.5,1,1,5,1,2,300,1431,1,0.0,0.02233048714697361,-3.9600000381469727,-71886.71875,3.402823466385289e+38,3.4028234663852886e+38,0
22.5,8.5,2,11,4,1.75,1,1,10,0,2,80,991,0,0.0,0.008214927278459072,-1.5,-1587.471923828125,3.402823466385289e+38,3.4028234663852886e+38,0
31.57,0.625,2,4,4,0.25,0,0,0,0,2,380,2011,0,0.0,0.008214927278459072,0.625,-121450.078125,-0.03954938054084778,3.4028234663852886e+38,1
26.92,13.5,2,11,8,5.0,1,1,2,0,2,0,5001,1,-1.0,0.008214927278459072,11.5,-24.109865188598636,0.5523603558540344,3.4028234663852886e+38,0
22.67,10.5,2,11,8,1.335,1,0,0,0,2,100,1,1,-1.0,0.008214927278459072,10.5,-3978.3125,0.5317862629890442,3.4028234663852886e+38,1
34.67,1.08,2,7,4,1.165,0,0,0,0,1,28,1,0,0.0,0.008214927278459072,1.0800000429153442,884.71337890625,0.00238240254111588,3.4028234663852886e+38,1
36.75,4.71,2,1,1,0.0,0,0,0,0,2,160,1,0,0.0,0.008214927278459072,4.710000038146973,-15950.833984375,0.13040153682231906,3.4028234663852886e+38,0
29.5,0.46,2,4,4,0.54,1,1,4,0,2,380,501,1,-1.0,0.008214927278459072,-3.539999961853028,-121450.078125,3.402823466385289e+38,3.4028234663852886e+38,0
71.58,0.0,2,8,4,0.0,0,0,0,0,3,184,1,1,-1.0,0.008214927278459072,0.0,-22755.841796875,-3.402823466385289e+38,3.4028234663852886e+38,0
24.92,1.25,2,1,1,0.0,1,0,0,0,2,80,1,0,0.0,0.008214927278459072,1.25,-1587.471923828125,0.018776852637529373,3.4028234663852886e+38,0
62.5,12.75,1,8,8,5.0,1,0,0,0,2,112,1,0,0.0,0.008214927278459072,12.75,-5796.81689453125,0.2141987383365631,3.4028234663852886e+38,1
69.5,6.0,2,1,1,0.0,0,0,0,0,1,0,1,0,0.0,0.008214927278459072,6.0,-24.109865188598636,0.055465597659349435,3.4028234663852886e+38,0
18.83,3.54,1,1,1,0.0,0,0,0,1,2,180,2,0,1.0,0.02233048714697361,3.539999961853028,-21541.673828125,0.10637243837118147,3.4028234663852886e+38,1
25.58,0.0,2,8,4,0.0,0,0,0,0,3,184,1,1,-1.0,0.008214927278459072,0.0,-22755.841796875,-3.402823466385289e+38,3.4028234663852886e+38,0
34.08,2.5,2,8,4,1.0,0,0,0,0,2,460,17,0,0.0,0.008214927278459072,2.5,-183813.4375,0.07710308581590652,3.4028234663852886e+38,1
52.42,1.5,2,2,4,3.75,0,0,0,1,2,0,351,0,1.0,0.02233048714697361,1.5,-24.109865188598636,0.0341186597943306,3.4028234663852886e+38,1
20.75,10.25,2,11,4,0.71,1,1,2,1,2,49,1,1,0.0,0.02233048714697361,8.25,537.3308715820311,0.4772451221942902,3.4028234663852886e+38,0
24.58,12.5,2,9,4,0.875,1,0,0,1,2,260,1,0,1.0,0.02233048714697361,12.5,-51905.03515625,0.2125324159860611,3.4028234663852886e+38,1
40.25,21.5,2,10,9,20.0,1,1,11,0,2,0,1201,1,-1.0,0.008214927278459072,10.5,-24.109865188598636,0.5317862629890442,3.4028234663852886e+38,1
32.67,5.5,2,11,8,5.5,1,1,12,1,2,408,1001,1,0.0,0.02233048714697361,-6.5,-141821.25,3.402823466385289e+38,3.4028234663852886e+38,1
31.25,1.125,2,1,1,0.0,0,1,1,0,2,96,20,0,0.0,0.008214927278459072,0.125,-3436.144287109375,-0.17497870326042175,3.4028234663852886e+38,1
27.83,1.0,1,2,8,3.0,0,0,0,0,2,176,538,0,0.0,0.008214927278459072,1.0,-20359.505859375,0.0,3.4028234663852886e+38,1
18.25,10.0,2,9,4,1.0,0,1,1,0,2,120,2,0,0.0,0.008214927278459072,9.0,-7169.15283203125,0.1848897933959961,3.4028234663852886e+38,0
27.25,0.625,2,6,4,0.455,1,0,0,1,2,200,1,0,1.0,0.02233048714697361,0.625,-27932.515625,-0.03954938054084778,3.4028234663852886e+38,1
59.67,1.54,2,11,4,0.125,1,0,0,1,2,260,1,1,0.0,0.02233048714697361,1.5399999618530271,-51905.03515625,0.09765175729990004,3.4028234663852886e+38,1
32.67,9.0,1,9,8,5.25,1,0,0,1,2,154,1,1,0.0,0.02233048714697361,9.0,-14429.58203125,0.496923565864563,3.4028234663852886e+38,1
46.0,4.0,2,5,3,0.0,1,0,0,0,2,100,961,1,-1.0,0.008214927278459072,4.0,-3978.3125,0.3135238587856293,3.4028234663852886e+38,0
22.92,3.165,1,8,4,0.165,0,0,0,0,2,160,1059,0,0.0,0.008214927278459072,3.164999961853028,-15950.833984375,0.09695018082857132,3.4028234663852886e+38,1
23.5,3.165,1,4,4,0.415,0,1,1,1,2,280,81,0,1.0,0.02233048714697361,2.164999961853028,-61495.87890625,0.06499683111906053,3.4028234663852886e+38,1
25.42,0.54,2,9,4,0.165,0,1,1,0,2,272,445,0,0.0,0.008214927278459072,-0.4600000083446503,-57563.5390625,3.402823466385289e+38,3.4028234663852886e+38,1
52.33,1.375,1,8,8,9.46,1,0,0,1,2,200,101,0,1.0,0.02233048714697361,1.375,-27932.515625,0.026796916499733925,3.4028234663852886e+38,1
16.25,0.835,2,7,4,0.085,1,0,0,0,1,200,1,0,0.0,0.008214927278459072,0.8349999785423279,-27932.515625,-0.005582085344940424,3.4028234663852886e+38,1
15.83,7.625,2,11,4,0.125,0,1,1,1,2,0,161,0,1.0,0.02233048714697361,6.625,-24.109865188598636,0.15910932421684265,3.4028234663852886e+38,0
46.08,3.0,2,8,4,2.375,1,1,8,1,2,396,4160,1,0.0,0.02233048714697361,-5.0,-132898.75,3.402823466385289e+38,3.4028234663852886e+38,0
15.17,7.0,2,10,4,1.0,0,0,0,0,2,600,1,0,0.0,0.008214927278459072,7.0,-323749.3125,0.16374243795871735,3.4028234663852886e+38,1
30.17,1.085,1,8,4,0.04,0,0,0,0,2,170,180,0,0.0,0.008214927278459072,1.0850000381469729,-18646.25390625,0.0068647111766040325,3.4028234663852886e+38,1
19.5,9.585,2,6,4,0.79,0,0,0,0,2,80,351,0,0.0,0.008214927278459072,9.585000038146973,-1587.471923828125,0.1901889145374298,3.4028234663852886e+38,1
28.75,3.75,2,8,4,1.085,1,1,1,1,2,371,1,1,0.0,0.02233048714697361,2.75,-115235.203125,0.2287833243608475,3.4028234663852886e+38,0
17.67,4.46,2,8,4,0.25,0,0,0,0,1,80,1,0,0.0,0.008214927278459072,4.460000038146973,-1587.471923828125,0.04628373682498932,3.4028234663852886e+38,1
13.75,4.0,1,9,4,1.75,1,1,2,1,2,120,1001,1,0.0,0.02233048714697361,2.0,-7169.15283203125,0.15676192939281464,3.4028234663852886e+38,1
34.0,5.085,1,3,5,1.085,0,0,0,1,2,480,1,0,1.0,0.02233048714697361,5.085000038146973,-201404.28125,0.13684779405593872,3.4028234663852886e+38,1
19.17,9.5,2,9,4,1.5,1,0,0,0,2,120,2207,1,-1.0,0.008214927278459072,9.5,-7169.15283203125,0.5091513395309448,3.4028234663852886e+38,1
22.58,1.5,1,6,4,0.54,0,0,0,1,2,120,68,0,1.0,0.02233048714697361,1.5,-7169.15283203125,0.0341186597943306,3.4028234663852886e+38,1
22.5,0.415,2,3,4,0.335,0,0,0,1,1,144,1,0,1.0,0.02233048714697361,0.4149999916553497,-12054.162109375,-0.027225030586123463,3.4028234663852886e+38,0
20.08,1.25,2,8,4,0.0,0,0,0,0,2,0,1,0,0.0,0.008214927278459072,1.25,-24.109865188598636,0.018776852637529373,3.4028234663852886e+38,0
29.58,1.75,1,4,4,1.25,0,0,0,1,2,280,1,0,1.0,0.02233048714697361,1.75,-61495.87890625,0.047089971601963036,3.4028234663852886e+38,0
30.17,0.5,2,8,4,1.75,1,1,11,0,2,32,541,1,-1.0,0.008214927278459072,-10.5,886.5452880859375,3.402823466385289e+38,3.4028234663852886e+38,1
48.08,6.04,2,4,4,0.04,0,0,0,0,2,0,2691,1,-1.0,0.008214927278459072,6.039999961853027,-24.109865188598636,0.4067264199256897,3.4028234663852886e+38,1
63.33,0.54,2,8,4,0.585,1,1,3,1,2,180,1,0,1.0,0.02233048714697361,-2.4600000381469727,-21541.673828125,3.402823466385289e+38,3.4028234663852886e+38,1
16.0,0.165,2,6,4,1.0,0,1,2,1,2,320,2,0,1.0,0.02233048714697361,-1.8350000381469729,-83077.5546875,3.402823466385289e+38,3.4028234663852886e+38,0
31.57,0.5,2,8,5,0.835,1,0,0,1,1,320,1,0,1.0,0.02233048714697361,0.5,-83077.5546875,-0.021457022055983543,3.4028234663852886e+38,1
34.08,6.5,2,6,4,0.125,1,0,0,1,2,443,1,0,1.0,0.02233048714697361,6.5,-169490.234375,0.15750648081302646,3.4028234663852886e+38,1
33.75,0.75,2,4,5,1.0,1,1,3,1,2,212,1,0,1.0,0.02233048714697361,-2.25,-32151.01953125,3.402823466385289e+38,3.4028234663852886e+38,0
24.58,13.5,1,1,1,0.0,0,0,0,0,2,184,1,0,0.0,0.008214927278459072,13.5,-22755.841796875,0.2190084457397461,3.4028234663852886e+38,1
36.17,5.5,2,3,5,5.0,0,0,0,0,2,210,688,0,0.0,0.008214927278459072,5.5,-31427.935546875,0.14344939589500427,3.4028234663852886e+38,1
51.92,6.5,2,3,5,3.085,0,0,0,1,2,73,1,0,1.0,0.02233048714697361,6.5,-939.6777954101562,0.15750648081302646,3.4028234663852886e+38,0
17.25,3.0,2,4,4,0.04,0,0,0,1,2,160,41,0,1.0,0.02233048714697361,3.0,-15950.833984375,0.09244489669799803,3.4028234663852886e+38,1
39.92,0.54,1,6,4,0.5,1,1,3,0,2,200,1001,1,-1.0,0.008214927278459072,-2.4600000381469727,-27932.515625,3.402823466385289e+38,3.4028234663852886e+38,1
32.83,2.5,2,13,8,2.75,1,1,6,0,2,160,2073,1,-1.0,0.008214927278459072,-3.5,-15950.833984375,3.402823466385289e+38,3.4028234663852886e+38,1
31.67,0.83,2,14,4,1.335,1,1,8,1,2,303,3291,1,0.0,0.02233048714697361,-7.170000076293945,-73514.34375,3.402823466385289e+38,3.4028234663852886e+38,1
20.42,7.5,2,4,4,1.5,1,1,1,0,2,160,235,1,-1.0,0.008214927278459072,6.5,-15950.833984375,0.4233261346817017,3.4028234663852886e+38,0
31.92,4.46,2,13,8,6.04,1,1,3,0,2,311,301,1,-1.0,0.008214927278459072,1.4600000381469729,-77942.6796875,0.08558705449104309,3.4028234663852886e+38,1
34.83,4.0,2,2,5,12.5,1,0,0,1,2,184,1,0,1.0,0.02233048714697361,4.0,-22755.841796875,0.1166524663567543,3.4028234663852886e+38,1
16.5,0.125,2,8,4,0.165,0,0,0,0,2,132,1,0,0.0,0.008214927278459072,0.125,-9467.6572265625,-0.17497870326042175,3.4028234663852886e+38,1
41.17,6.5,2,11,4,0.5,1,1,3,1,2,145,1,1,0.0,0.02233048714697361,3.5,-12282.7041015625,0.2833244502544403,3.4028234663852886e+38,0
24.75,12.5,2,6,4,1.5,1,1,12,1,2,120,568,1,0.0,0.02233048714697361,0.5,-7169.15283203125,-0.15676192939281464,3.4028234663852886e+38,0
41.75,0.96,2,14,4,2.5,1,0,0,0,2,510,601,1,-1.0,0.008214927278459072,0.959999978542328,-229290.546875,-0.0092322938144207,3.4028234663852886e+38,1
37.42,2.04,2,9,4,0.04,1,0,0,1,2,400,5801,1,0.0,0.02233048714697361,2.039999961853028,-135840.921875,0.16124048829078674,3.4028234663852886e+38,1
17.42,6.5,2,3,4,0.125,0,0,0,0,2,60,101,0,0.0,0.008214927278459072,6.5,3.368560791015625,0.15750648081302646,3.4028234663852886e+38,1
20.42,1.085,2,11,4,1.5,0,0,0,0,2,108,8,0,0.0,0.008214927278459072,1.0850000381469729,-5158.64892578125,0.0068647111766040325,3.4028234663852886e+38,1
29.58,4.75,2,7,4,2.0,0,1,1,1,2,460,69,0,1.0,0.02233048714697361,3.75,-183813.4375,0.11122175306081772,3.4028234663852886e+38,1
35.0,3.375,2,8,8,8.29,0,0,0,1,2,0,1,0,1.0,0.02233048714697361,3.375,-24.109865188598636,0.1023559868335724,3.4028234663852886e+38,1
33.67,0.375,2,13,4,0.375,0,0,0,0,2,300,45,1,-1.0,0.008214927278459072,0.375,-71886.71875,-0.2218240052461624,3.4028234663852886e+38,0
28.75,1.5,1,8,4,1.5,1,0,0,1,2,0,226,0,1.0,0.02233048714697361,1.5,-24.109865188598636,0.0341186597943306,3.4028234663852886e+38,1
48.17,3.5,2,6,4,3.5,1,0,0,0,1,230,1,1,-1.0,0.008214927278459072,3.5,-39018.77734375,0.10422924160957336,3.4028234663852886e+38,1
47.67,2.5,2,7,5,2.5,1,1,12,1,2,410,2511,1,0.0,0.02233048714697361,-9.5,-143336.34375,3.402823466385289e+38,3.4028234663852886e+38,1
46.67,0.46,2,13,8,0.415,1,1,11,1,2,440,7,1,0.0,0.02233048714697361,-10.539999961853027,-167022.59375,3.402823466385289e+38,3.4028234663852886e+38,0
34.0,5.5,1,8,4,1.5,0,0,0,1,2,60,1,0,1.0,0.02233048714697361,5.5,3.368560791015625,0.14344939589500427,3.4028234663852886e+38,1
21.25,2.335,2,3,5,0.5,1,1,4,0,1,80,1,1,-1.0,0.008214927278459072,-1.6649999618530271,-1587.471923828125,3.402823466385289e+38,3.4028234663852886e+38,0
25.67,2.21,1,6,4,4.0,1,0,0,0,2,188,1,0,0.0,0.008214927278459072,2.2100000381469727,-24002.01171875,0.06672791391611099,3.4028234663852886e+38,1
34.92,2.5,2,9,4,0.0,1,0,0,1,2,239,201,1,0.0,0.02233048714697361,2.5,-42695.65234375,0.2072280049324036,3.4028234663852886e+38,1
22.5,0.125,1,4,4,0.125,0,0,0,0,2,200,71,0,0.0,0.008214927278459072,0.125,-27932.515625,-0.17497870326042175,3.4028234663852886e+38,1
34.58,0.0,2,8,4,0.0,0,0,0,0,3,184,1,0,0.0,0.008214927278459072,0.0,-22755.841796875,-3.402823466385289e+38,3.4028234663852886e+38,1
18.0,0.165,2,11,7,0.21,0,0,0,0,2,200,41,1,-1.0,0.008214927278459072,0.16500000655651093,-27932.515625,-0.4074966907501221,3.4028234663852886e+38,1
60.92,5.0,2,6,4,4.0,1,1,4,0,2,0,100,1,-1.0,0.008214927278459072,1.0,-24.109865188598636,0.0,3.4028234663852886e+38,0
55.75,7.08,2,4,8,6.75,1,1,3,1,2,100,51,0,1.0,0.02233048714697361,4.079999923706056,-3978.3125,0.11831879615783693,3.4028234663852886e+38,0
25.0,0.875,2,14,8,1.04,1,0,0,1,2,160,5861,1,0.0,0.02233048714697361,0.875,-15950.833984375,-0.030199414119124413,3.4028234663852886e+38,0
16.25,0.0,1,6,4,0.25,0,0,0,0,2,60,1,0,0.0,0.008214927278459072,0.0,3.368560791015625,-3.402823466385289e+38,3.4028234663852886e+38,1
42.08,1.04,2,9,4,5.0,1,1,6,1,2,500,10001,1,0.0,0.02233048714697361,-4.960000038146973,-219795.125,3.402823466385289e+38,3.4028234663852886e+38,1
29.25,13.0,2,2,8,0.5,0,0,0,0,2,228,1,0,0.0,0.008214927278459072,13.0,-38223.69140625,0.21583271026611328,3.4028234663852886e+38,1
27.33,1.665,2,1,1,0.0,0,0,0,0,2,340,2,0,0.0,0.008214927278459072,1.6649999618530271,-95068.3984375,0.04290023818612099,3.4028234663852886e+38,0
23.92,1.5,2,2,8,1.875,1,1,6,0,2,200,328,1,-1.0,0.008214927278459072,-4.5,-27932.515625,3.402823466385289e+38,3.4028234663852886e+38,1
42.83,1.25,2,7,4,13.875,0,1,1,1,2,352,113,0,1.0,0.02233048714697361,0.25,-102646.90625,-0.1166524663567543,3.4028234663852886e+38,1
25.75,0.5,2,8,8,0.875,1,0,0,1,2,491,1,1,0.0,0.02233048714697361,0.5,-211420.25,-0.15676192939281464,3.4028234663852886e+38,0
56.75,12.25,2,7,4,1.25,1,1,4,1,2,200,1,1,0.0,0.02233048714697361,8.25,-27932.515625,0.4772451221942902,3.4028234663852886e+38,1
20.67,3.0,2,11,4,0.165,1,1,3,0,2,100,7,1,-1.0,0.008214927278459072,0.0,-3978.3125,-3.402823466385289e+38,3.4028234663852886e+38,0
29.42,1.25,2,9,4,1.75,0,0,0,0,2,200,1,0,0.0,0.008214927278459072,1.25,-27932.515625,0.018776852637529373,3.4028234663852886e+38,1
